Cire_CD,NDRE_CD
0.70323664,0.254738785
0.732296699,0.266216486
0.72660738,0.264407274
0.59329959,0.225483259
0.533301969,0.20324509
0.28582352,0.120982251
0.326810805,0.135800056
0.346050281,0.141913312
0.221360308,0.095530598
0.263232067,0.112695513
0.262562678,0.112962471
0.309918036,0.128086888
0.347887424,0.144390451
0.263066318,0.112547801
0.277903783,0.118683595
0.379989664,0.157175792
0.636773777,0.239183981
0.295196771,0.125616405
0.311708169,0.132250829
0.237130784,0.102717904
0.279607647,0.12013363
0.705125443,0.255615586
0.429205791,0.172691942
0.723986632,0.261255085
0.714013391,0.259386293
0.532894154,0.20193603
0.245132892,0.10531546
0.267546396,0.112716972
0.324402477,0.136610757
0.216594774,0.09434722
0.216912801,0.095461838
0.231175717,0.100059943
0.303142339,0.125514152
0.285968165,0.120708518
0.213593204,0.092953963
0.308340294,0.130625336
0.467953669,0.186389913
0.675638958,0.250977212
0.441911575,0.176201502
0.35600123,0.148515508
0.338054137,0.14085181
0.417898202,0.170125166
0.380316456,0.157768475
0.349748404,0.146266444
0.302950842,0.129170806
0.373945408,0.156717776
0.334297234,0.141343252
0.520563937,0.201665969
0.514727652,0.19875179
0.727048814,0.263022238
0.616580109,0.23063726
0.456835668,0.179853706
0.455645735,0.183251861
0.350892898,0.14474566
0.365436716,0.149147805
0.26435545,0.111136017
0.310113636,0.128115129
0.395047213,0.159628483
0.353200693,0.143985265
0.317881075,0.131994753
0.332072029,0.137122719
0.42273639,0.170586932
0.437742418,0.174941845
0.633638458,0.237229017
0.578760653,0.219414807
0.329779488,0.138903916
0.432874565,0.175170863
0.448793076,0.181472425
0.378147573,0.15681127
0.26570629,0.113259965
0.307803205,0.129603894
0.373095075,0.154778975
0.517090938,0.202645381
0.352059228,0.143629416
0.553983457,0.213310315
0.420806926,0.170148549
0.533086105,0.207444916
0.505235965,0.196836209
0.32753327,0.138366387
0.436756106,0.174415938
0.472416,0.185293328
0.299014332,0.124170813
0.440423557,0.175726201
0.423331525,0.17151841
0.343099835,0.141389091
0.296639537,0.124531428
0.407726626,0.164265506
0.553254928,0.211761153
0.388882978,0.159452076
0.444616097,0.179000893
0.450346631,0.17992262
0.404079178,0.165974289
0.473611928,0.18905272
0.588316004,0.224664526
0.540230597,0.209855154
0.445278209,0.178553254
0.379174002,0.155841359
0.37205353,0.15457433
0.512728276,0.201721841
0.351375679,0.144824932
0.523015151,0.204877319
0.299102479,0.126961973
0.548959287,0.21197213
0.438370711,0.175397802
0.354451466,0.147586764
0.562952128,0.213616853
0.60577746,0.227943003
0.385965642,0.157672312
0.321234695,0.135367576
0.340744955,0.141739385
0.373115662,0.151355158
0.455814448,0.181577974
0.340982053,0.142369765
0.415592553,0.168832805
0.378144849,0.154298879
0.352842879,0.148166984
0.327045836,0.138427888
0.415254309,0.168194048
0.557787094,0.210778634
0.924060929,0.314429333
0.642608114,0.239511929
0.454261349,0.181712173
0.388837801,0.159388721
0.42710495,0.173953878
0.593000132,0.226414684
0.369984302,0.154289892
0.349554525,0.146359523
0.333134868,0.139472855
0.374354348,0.15271754
0.420687695,0.168571998
0.394387948,0.160738211
0.557592335,0.213982429
0.564844939,0.216769267
0.406948918,0.167434592
0.311113954,0.132775929
0.303038155,0.126506169
0.415360818,0.166132308
0.381897726,0.156017809
0.298339073,0.126901344
0.355556692,0.148651463
0.355445754,0.146978453
0.311899088,0.1331122
0.35972956,0.148709166
0.335517194,0.140039612
0.534683047,0.205337259
0.756074376,0.269541793
0.385489858,0.15599382
0.357658046,0.148305933
0.367527707,0.152588885
0.420036056,0.171059557
0.593964597,0.225613582
0.541985168,0.209001226
0.381709327,0.14952453
0.248213716,0.106318271
0.312916408,0.130275017
0.275967422,0.115562285
0.255410476,0.108240158
0.361075828,0.147048626
0.337135128,0.140111567
0.268635872,0.114572388
0.211060672,0.092883788
0.204339803,0.087726731
0.300807474,0.124883185
0.242514605,0.103191566
0.194579687,0.085188207
0.223931962,0.09752568
0.215119905,0.091554405
0.181343132,0.080807021
0.264732347,0.112908164
0.443660879,0.177112349
0.621976715,0.233339414
0.534134412,0.208381341
0.248106792,0.106611578
0.195695745,0.08505358
0.222204873,0.096590273
0.323101717,0.136511444
0.537003069,0.20863199
0.73054715,0.261673484
0.459551714,0.17422319
0.257371651,0.110155158
0.406410582,0.159537178
0.286802108,0.118754617
0.205936389,0.088331461
0.27660403,0.115394473
0.23523431,0.098571637
0.245231524,0.104282564
0.203070558,0.088106944
0.183224559,0.079490772
0.296545244,0.123682734
0.307795233,0.130236552
0.281712447,0.120635181
0.332982285,0.138148949
0.335627428,0.138232346
0.334790333,0.141134287
0.38624903,0.159690032
0.52169031,0.203884122
0.526180388,0.205169627
0.368268844,0.153273733
0.254282893,0.107847375
0.353338827,0.143985802
0.477671541,0.188260987
0.601673056,0.228313348
0.4670016,0.187646542
0.674045092,0.248003144
0.46449893,0.178705911
0.273476507,0.117615237
0.317947425,0.131024556
0.249016175,0.105760642
0.211447369,0.090924461
0.256522155,0.106854968
0.229623073,0.09575112
0.225224774,0.09582143
0.206839081,0.089232832
0.181242411,0.079041268
0.303125078,0.126996493
0.382406961,0.158518773
0.431684497,0.175571134
0.564392418,0.215066759
0.438847702,0.176035849
0.379917798,0.157835143
0.289655416,0.12378204
0.281819033,0.11970277
0.316925662,0.134514509
0.291763096,0.125393928
0.307469599,0.128391032
0.473144047,0.184541192
0.611136469,0.230766971
0.585397382,0.223286735
0.473752775,0.190103682
0.538669377,0.208387963
0.415061745,0.164157643
0.21304564,0.093086105
0.308093351,0.1288219
0.227331022,0.097693429
0.212249824,0.091667831
0.240118956,0.102705585
0.247657327,0.10401328
0.183232517,0.080008249
0.203208113,0.088154697
0.239591888,0.103284951
0.321829897,0.133720801
0.406179874,0.166168579
0.446942934,0.179522497
0.598028096,0.226243608
0.418164613,0.170475623
0.39245984,0.162788334
0.291743824,0.124296188
0.239478497,0.103789731
0.270556171,0.116895244
0.311750865,0.133820645
0.342751454,0.141926779
0.393001207,0.158136421
0.485260332,0.192489964
0.564749875,0.218668815
0.648441573,0.243400337
0.333862028,0.13985288
0.333557699,0.140877542
0.282435671,0.11731446
0.403714124,0.162254414
0.250240055,0.105778551
0.226490853,0.097069258
0.488514492,0.190218289
0.283030977,0.11860251
0.240569941,0.103655115
0.230353339,0.098514284
0.289006403,0.121696654
0.420853555,0.168917263
0.362636232,0.149809841
0.438567535,0.173368893
0.570667345,0.215449615
0.348763415,0.146452146
0.331796588,0.141212792
0.343015541,0.143090552
0.272920227,0.115845656
0.276077705,0.116894422
0.271911805,0.117441358
0.34476644,0.144449284
0.328491948,0.136594733
0.47715826,0.190651739
0.595707593,0.227952509
0.697236643,0.256603553
0.370002409,0.153300827
0.299589425,0.126674246
0.280828713,0.117063712
0.387234198,0.156712344
0.287689808,0.120254439
0.216270787,0.092774502
0.390912875,0.154842386
0.313344975,0.129649736
0.260279651,0.110547054
0.269889583,0.114487758
0.24363494,0.102699566
0.44635826,0.177195196
0.35984535,0.149202334
0.627472003,0.229244483
0.660014927,0.237340632
0.469198884,0.183530859
0.352800762,0.147359433
0.31463379,0.132312982
0.348051133,0.144027099
0.376237331,0.155117018
0.275964674,0.118949671
0.386505549,0.159980148
0.34670854,0.143340039
0.45183399,0.181069814
0.562394084,0.217507372
0.689266175,0.253571315
0.321582185,0.134811618
0.306406917,0.130114997
0.25390012,0.109189009
0.291174979,0.123801859
0.291542625,0.123152411
0.171165686,0.074294206
0.258901545,0.108479083
0.30071204,0.125516481
0.266250012,0.112492341
0.25220827,0.10786565
0.264216407,0.112907598
0.295725518,0.123662377
0.315707152,0.132771251
0.453336263,0.175922591
0.580231916,0.216002505
0.514720004,0.199495942
0.368779498,0.153355965
0.349785608,0.146570644
0.296086838,0.125496509
0.282344899,0.120983161
0.266796001,0.115418367
0.354792312,0.146961547
0.334980073,0.13860831
0.381743568,0.156505415
0.473060924,0.189090246
0.697722379,0.256018335
0.171681763,0.074968603
0.212664657,0.093422033
0.294021668,0.12651947
0.287354919,0.123060134
0.258690395,0.111325121
0.145172632,0.063849026
0.192383205,0.082962348
0.220507281,0.094855308
0.21098655,0.091848993
0.222159815,0.09734773
0.239051897,0.103476292
0.250141436,0.105246039
0.266800616,0.114064869
0.296199131,0.124613916
0.450314224,0.177634696
0.386994634,0.157680893
0.339157233,0.143859247
0.294503671,0.125354528
0.25838731,0.111046521
0.271366172,0.11711013
0.326802877,0.137156422
0.308778773,0.13104423
0.274855223,0.116367246
0.33792101,0.142445351
0.381114411,0.158466057
0.460819033,0.183300325
0.074893791,0.034106405
0.125647263,0.056163097
0.199705325,0.087117776
0.164729746,0.071639592
0.216638953,0.093718044
0.092327955,0.041092428
0.081544438,0.036610061
0.081455635,0.03702473
0.079587976,0.036122098
0.108327746,0.04892432
0.137288502,0.060738424
0.119232021,0.052363955
0.149208026,0.066059479
0.180797369,0.078837783
0.255993635,0.109451419
0.240135028,0.103590498
0.226300323,0.098767068
0.216625824,0.094405317
0.148112761,0.064949624
0.181282297,0.079389738
0.220684642,0.096162691
0.195561392,0.086283166
0.135641868,0.060092434
0.139523247,0.062729768
0.18059681,0.080365156
0.197064556,0.086165629
0.171440711,0.074609318
0.171566305,0.075813696
0.19936954,0.085658884
0.18209383,0.078049555
0.284542896,0.120439544
0.126317453,0.055854019
0.147647046,0.065293745
0.128643942,0.057739522
0.151508768,0.067469398
0.200970219,0.087315469
0.332707975,0.136490008
0.298682243,0.124159854
0.193975922,0.084249959
0.32065388,0.132636985
0.25244506,0.107745432
0.301132793,0.127183127
0.221470978,0.097393739
0.274881437,0.116557398
0.341244159,0.140998233
0.532366653,0.204974077
0.342101407,0.143705236
0.341568784,0.14430332
0.309731469,0.131213393
0.341884972,0.144240186
0.351321679,0.147143308
0.366889067,0.151484685
0.278737529,0.118692798
0.218951564,0.095469968
0.232891257,0.09909831
0.260619543,0.109374493
0.256915525,0.108958375
0.155312982,0.067942499
0.217609904,0.093833617
0.276075489,0.116330487
0.283680091,0.121656671
0.329583224,0.137687534
0.445558823,0.178121812
0.388615695,0.158315153
0.234140499,0.101811286
0.241643851,0.104865014
0.277817774,0.118027397
0.323140789,0.135074908
0.434026136,0.175313657
0.436297284,0.175679089
0.411159627,0.166304145
0.528382602,0.205221982
0.330722327,0.138252291
0.322273559,0.136242943
0.302353435,0.126867954
0.434328537,0.175678788
0.506365359,0.19727306
0.51657891,0.200665709
0.291720098,0.124536957
0.356833951,0.149419701
0.231111975,0.099752237
0.243615769,0.105052407
0.214938624,0.093175054
0.137703041,0.060754328
0.24886381,0.106458762
0.618768741,0.232249157
0.426196442,0.172592354
0.27810702,0.119049996
0.291517084,0.124345032
0.247841695,0.107114822
0.241484296,0.104947115
0.205007347,0.088868537
0.316221588,0.131877851
0.435569614,0.173906818
0.401517842,0.165690365
0.494981347,0.196079577
0.410089978,0.166722655
0.522034633,0.204619589
0.533834247,0.207718633
0.357415513,0.148364056
0.319772426,0.133331268
0.630801772,0.235111621
0.800174492,0.284425455
0.795827963,0.282834936
0.239260077,0.103672339
0.239884836,0.1042649
0.184924073,0.081060327
0.194288003,0.084976638
0.229782792,0.100387989
0.152822504,0.067248511
0.232873134,0.100508045
0.534436471,0.204798232
0.270267436,0.115164348
0.2345073,0.10271345
0.238843821,0.103023892
0.226905057,0.098846022
0.242878114,0.104574993
0.233354867,0.098792455
0.299163595,0.125718699
0.323234726,0.135989116
0.344355457,0.14523855
0.476636802,0.191157396
0.457397476,0.182420392
0.650714748,0.243147182
0.361650504,0.149118091
0.298305514,0.127390644
0.500954825,0.192786786
0.448438257,0.179803981
0.732932053,0.266340999
0.591015687,0.224650819
0.143980445,0.064324001
0.166860514,0.073736821
0.192067179,0.083173359
0.198459639,0.086590473
0.23398693,0.101975926
0.155079221,0.068482523
0.172579074,0.076234754
0.231299363,0.10095829
0.358950651,0.144434294
0.25758021,0.111219206
0.21950147,0.094462539
0.255897773,0.109842034
0.278170128,0.119289495
0.224124887,0.097438711
0.271222484,0.116139176
0.323087645,0.137329808
0.371065639,0.155490804
0.50249999,0.197550758
0.655624692,0.24230325
0.787385927,0.27943388
0.383157524,0.152798307
0.256041359,0.110610507
0.46165121,0.179301005
0.417164385,0.170389823
0.493040721,0.196295799
0.479281405,0.190990834
0.14955109,0.066590097
0.165631637,0.072684959
0.189761815,0.081835058
0.225912266,0.097709827
0.258902463,0.112249668
0.284596834,0.120919581
0.181933764,0.07901035
0.219652172,0.09599566
0.194331553,0.084225556
0.227482978,0.098097774
0.280560547,0.118422794
0.288616485,0.122520679
0.218694368,0.094923572
0.180328276,0.07912566
0.196748484,0.086123883
0.284020102,0.122980894
0.333475121,0.14123214
0.461742558,0.183042947
0.94736524,0.316634255
0.714150736,0.258600615
0.283838925,0.11763484
0.232257153,0.100154244
0.37784848,0.151082189
0.466374939,0.185607415
0.621851075,0.233755691
0.536239029,0.207998067
0.208560139,0.090761802
0.215956577,0.092909863
0.249519142,0.106023631
0.277800792,0.11800472
0.384721662,0.159228981
0.351496372,0.1472803
0.267070992,0.111262869
0.25418541,0.108695753
0.231534684,0.100686494
0.293557643,0.124596357
0.339390132,0.140280909
0.371346477,0.15475833
0.367540733,0.151356669
0.307018566,0.129431949
0.316749002,0.1326493
0.385453374,0.159490736
0.329731093,0.139864114
0.484575275,0.190200237
0.752006281,0.263918837
0.719165636,0.255626248
0.258997653,0.110793134
0.375617751,0.154243252
0.513157667,0.197441969
0.521464432,0.20433479
0.570788227,0.219967105
0.71440465,0.260250482
0.250890398,0.108297223
0.23411478,0.101401064
0.271466725,0.116283444
0.292365628,0.12511744
0.431372781,0.174182306
0.29040798,0.122667523
0.233752233,0.099351751
0.246440736,0.105454187
0.208431772,0.091657542
0.282820414,0.122179868
0.341574837,0.143404467
0.472643813,0.189786413
0.433417915,0.175762535
0.284149022,0.119401955
0.313689123,0.131581817
0.387985757,0.159721764
0.352145567,0.147593714
0.324092567,0.137393235
0.3096597,0.13054911
0.330657126,0.138929039
0.298834196,0.127094393
0.401684667,0.163717991
0.665441375,0.242043612
0.422323247,0.171422404
0.44500409,0.180248549
0.684863771,0.251486539
0.184648911,0.081168649
0.218525711,0.095695192
0.239216078,0.10282328
0.379694528,0.156118832
0.634658934,0.237055696
0.360021871,0.14179843
0.170562218,0.074701213
0.18597755,0.081690276
0.17992973,0.079731507
0.213630157,0.094733463
0.276907026,0.116319948
0.514294775,0.202354782
0.447612694,0.180221825
0.300617926,0.126976039
0.322492917,0.136286016
0.362177704,0.152180355
0.280851866,0.121320406
0.240444683,0.104755914
0.235406476,0.101836686
0.25981531,0.111647271
0.292172018,0.126114137
0.299822184,0.127138145
0.457755988,0.181915973
0.229392508,0.100021514
0.336748843,0.142947196
0.409159254,0.164279713
0.219657973,0.095300232
0.261420814,0.112235273
0.314092226,0.13104971
0.612389401,0.228854508
0.626271265,0.234954482
0.212972952,0.089607365
0.17516898,0.076304276
0.339799453,0.140503809
0.254156555,0.110137081
0.279805543,0.120607927
0.297539747,0.122552035
0.318559674,0.134817398
0.305813355,0.130450511
0.310552561,0.129911485
0.376568151,0.156082449
0.453387533,0.183552829
0.322634058,0.136397277
0.242896209,0.104142068
0.279949125,0.115354778
0.342772882,0.140428384
0.29459403,0.126588988
0.329547069,0.139847721
0.554599356,0.211715153
0.29247076,0.124739962
0.377184939,0.156988288
0.454440802,0.179846509
0.212766808,0.093035775
0.255212827,0.1088878
0.384417186,0.155349797
0.579990737,0.221431206
0.497922858,0.196883951
0.204234751,0.086940717
0.22926591,0.097369959
0.410859199,0.166108146
0.331841767,0.138675763
0.341598536,0.142125685
0.313327096,0.127008396
0.305000022,0.129852302
0.311287697,0.132347347
0.309569835,0.129820891
0.401016936,0.164362609
0.435467094,0.176660015
0.460844203,0.185131487
0.413895277,0.167318068
0.297248608,0.123308083
0.304714666,0.127216589
0.25382651,0.109414288
0.33806386,0.141854475
0.465254854,0.183751122
0.294256916,0.12130514
0.516166685,0.202363152
0.490754836,0.193262575
0.259804994,0.112999271
0.310539678,0.13247471
0.505504663,0.197649559
0.545612714,0.211234966
0.313800099,0.132405446
0.195692311,0.083781027
0.201075622,0.086296652
0.220886758,0.093553489
0.188205814,0.081502473
0.203447686,0.089674037
0.270932082,0.112615538
0.267890669,0.115635076
0.354090539,0.147936405
0.314133904,0.13092937
0.440014902,0.176771638
0.448603489,0.180522524
0.455277308,0.183939804
0.417882461,0.170854262
0.302611107,0.126484116
0.255282736,0.108869061
0.245425387,0.105840284
0.323992445,0.13520847
0.522042474,0.200559904
0.471063785,0.18263522
0.601158831,0.229689935
0.51831898,0.203700936
0.223129846,0.097929928
0.262635186,0.113764354
0.355253659,0.147351076
0.345296796,0.144247875
0.307733185,0.130501212
0.263372858,0.107646956
0.226460081,0.09686466
0.242028899,0.103291973
0.1625487,0.071242196
0.239182789,0.104605094
0.237571898,0.100265504
0.247137941,0.107563603
0.393068628,0.160363918
0.372976891,0.153765045
0.4662591,0.18563423
0.407243151,0.166694863
0.404087915,0.166181249
0.341364914,0.143987755
0.251785009,0.107814422
0.254449682,0.110028204
0.285363453,0.122541693
0.395157245,0.161672792
0.503567313,0.196455818
0.317323441,0.131383909
0.484909433,0.193644213
0.508561447,0.201265819
0.142901985,0.06335
0.178758692,0.078350681
0.190008287,0.082201597
0.210747949,0.090523396
0.299170206,0.127266038
0.775613417,0.27393465
0.27253028,0.115830552
0.215809969,0.093720677
0.333772712,0.137256326
0.271510501,0.116996721
0.289042872,0.11964109
0.245540169,0.106523358
0.354678347,0.145760866
0.385384334,0.159118591
0.46119937,0.185519221
0.425646756,0.173343836
0.364054545,0.152363136
0.362644014,0.150501354
0.256736792,0.109357681
0.216099837,0.093756574
0.253326631,0.109354872
0.517399946,0.201999735
0.367596435,0.153735556
0.275567553,0.113006067
0.506444652,0.201106211
0.478249206,0.190779609
0.14900784,0.066091107
0.175171941,0.075931782
0.169194011,0.072964506
0.213793252,0.091627065
0.316479982,0.132465301
0.928232509,0.314292756
0.635394033,0.230695347
0.387935682,0.152372853
0.198409229,0.085747574
0.26275004,0.112553666
0.31111454,0.12600664
0.207160482,0.090364446
0.251559359,0.108971935
0.232373418,0.100998586
0.362953737,0.150317889
0.556835473,0.215824119
0.324575086,0.136537722
0.254870436,0.109361752
0.246954714,0.105656684
0.175089019,0.076611839
0.253671656,0.108907499
0.39120975,0.16153955
0.321399193,0.13713547
0.30041456,0.123790314
0.512948136,0.202205775
0.497193231,0.196041421
0.205808673,0.08442118
0.09616432,0.0425103
0.14808439,0.064229472
0.193216381,0.083898008
0.402738674,0.162587127
0.924896527,0.312339062
0.805089758,0.279210728
0.544334768,0.203113385
0.147668544,0.065147828
0.302533844,0.126376479
0.222939728,0.094450031
0.172406886,0.076271771
0.235346877,0.102788537
0.165357741,0.072500671
0.220926587,0.095400096
0.447986723,0.179535984
0.314320838,0.131536488
0.192999204,0.083631196
0.21736936,0.093977513
0.17694021,0.07749284
0.224807801,0.097215316
0.2537723,0.108378539
0.280101544,0.118463178
0.198771172,0.085313538
0.35024942,0.146628794
0.410330475,0.166255868
0.175160992,0.074642388
0.164375014,0.072191068
0.22537315,0.097003794
0.361789959,0.14796471
0.695472291,0.253666348
0.372319084,0.144038433
0.328863721,0.133431294
0.538757049,0.203838958
0.360643317,0.145508951
0.419569164,0.171778613
0.401331783,0.161624171
0.423018501,0.171108336
0.318731092,0.134542179
0.261767649,0.11154274
0.290135533,0.12316938
0.272445469,0.116768496
0.276947158,0.118488718
0.309396854,0.13230433
0.270742934,0.114940837
0.238649534,0.102334319
0.296051045,0.125855522
0.334295729,0.138001726
0.285929247,0.121905032
0.249081092,0.102647957
0.493591412,0.196415599
0.503984264,0.199227091
0.147177708,0.065507103
0.223907357,0.097381633
0.217155335,0.094208171
0.384776136,0.155747757
0.467141117,0.183918269
0.143688829,0.061484325
0.275209409,0.116902922
0.420533869,0.166483341
0.436353678,0.174430187
0.391570171,0.160675045
0.427529151,0.170236434
0.305544522,0.129572454
0.342624703,0.14315247
0.271933168,0.116905955
0.342475207,0.143909243
0.231101534,0.099395694
0.28365657,0.121702834
0.301298987,0.127695499
0.233936419,0.100184566
0.471373667,0.182320503
0.727224671,0.25932639
0.421780556,0.17043462
0.311819989,0.132727897
0.234810129,0.097855777
0.467000218,0.187729529
0.499862926,0.197971111
0.166835415,0.072971051
0.389018491,0.159572026
0.201029184,0.087029312
0.211817297,0.09113118
0.247469484,0.105495504
0.122952665,0.053607517
0.23295741,0.101994863
0.236784954,0.101834416
0.237833763,0.101542255
0.267304551,0.112704255
0.310883875,0.128021868
0.265018347,0.113465208
0.332058565,0.140778912
0.228917069,0.100336845
0.293755776,0.125683187
0.233755941,0.101726461
0.196204659,0.084624237
0.255123628,0.108543441
0.18935496,0.081540299
0.494376629,0.192785982
0.552448566,0.210089221
0.396655106,0.162160011
0.309757026,0.132407691
0.284526355,0.117747942
0.4031259,0.165734874
0.382870144,0.158209789
0.177519865,0.078153828
0.455055267,0.17942757
0.397094309,0.16070392
0.205167497,0.088967784
0.240766333,0.1034045
0.131928454,0.057076543
0.217132358,0.094400429
0.249018292,0.107502148
0.233322461,0.10068427
0.286677149,0.120291165
0.361686598,0.146647966
0.266942365,0.114283504
0.344696028,0.145790737
0.282827814,0.121085078
0.364354226,0.1520645
0.27420831,0.117157734
0.28595022,0.122480812
0.225369441,0.096809379
0.173523625,0.074373793
0.224653335,0.097013805
0.338152821,0.14314622
0.403025755,0.163084094
0.418644251,0.169260969
0.260837643,0.109608814
0.394178022,0.162773056
0.377025594,0.155497527
0.217057471,0.094637656
0.598152208,0.226979394
0.523719491,0.203422713
0.288084852,0.12194622
0.299422269,0.125770702
0.141222486,0.060317566
0.210357994,0.090607868
0.240912787,0.103606305
0.253422418,0.108931455
0.305450916,0.12834415
0.381721171,0.154446064
0.360119034,0.148319518
0.554311719,0.212988059
0.358272977,0.148488948
0.45145613,0.181392982
0.360112083,0.148546778
0.269154154,0.116278833
0.329188765,0.136837541
0.151559396,0.065552491
0.242038183,0.10381028
0.376228151,0.156440257
0.375757684,0.15274304
0.389364665,0.156718124
0.333150404,0.136671605
0.456836095,0.181841677
0.362583804,0.150879242
0.328396399,0.13981081
0.424956298,0.173480158
0.452211588,0.182197258
0.315443968,0.133072075
0.301368899,0.127213755
0.190117131,0.080610867
0.267483564,0.112886016
0.250367466,0.107128105
0.25215644,0.108890876
0.325425137,0.136857411
0.387251603,0.158804097
0.421973091,0.171123478
0.703492799,0.257449739
0.437268922,0.176237338
0.527479842,0.205533771
0.429471702,0.171368868
0.280426726,0.121345114
0.42580037,0.172374601
0.281243709,0.118280654
0.319341547,0.132192997
0.485380984,0.191055619
0.505560365,0.197808756
0.407962311,0.165984632
0.509591654,0.195955493
0.760099349,0.273571138
0.478274816,0.190265016
0.308594743,0.131325931
0.427442909,0.172979848
0.39052932,0.158469639
0.26565626,0.114354383
0.384542451,0.157758476
0.246520809,0.102462363
0.273349687,0.116560375
0.259837354,0.111070335
0.255210715,0.109887009
0.300267203,0.126985142
0.382511785,0.156814372
0.352487135,0.148407907
0.426435951,0.172256902
0.371044032,0.152555297
0.526730065,0.205740622
0.478216626,0.190305306
0.360137377,0.150543502
0.314828088,0.130422988
0.351481153,0.141983556
0.687037531,0.253377937
0.725390912,0.263094446
0.641432384,0.240254733
0.348154413,0.144984737
0.350353234,0.143491518
0.684242574,0.253356564
0.470229674,0.186143043
0.242264641,0.105574613
0.200702623,0.086572069
0.256820079,0.109429269
0.256922992,0.110978703
0.334592523,0.139685666
0.3080558,0.128203498
0.347380948,0.145931463
0.408372676,0.166725718
0.36528482,0.151947262
0.309961135,0.129872079
0.305300862,0.128704542
0.274216503,0.117222174
0.379116519,0.156808986
0.286270125,0.122079812
0.480162896,0.191740412
0.2922115,0.124808914
0.343116828,0.143744317
0.330449689,0.136845925
0.282593389,0.1168101
0.50308394,0.19669945
0.453065353,0.182292949
0.510419047,0.200236437
0.305435079,0.129762787
0.318778573,0.133510069
0.527331404,0.206430642
0.440222891,0.176880156
0.238895805,0.102666646
0.249997932,0.10622568
0.223515192,0.095488678
0.272964883,0.117319527
0.325223642,0.137232016
0.263157133,0.110827238
0.440197088,0.176426051
0.542123473,0.21175441
0.402099476,0.164485099
0.266287597,0.112801851
0.252998389,0.107429472
0.233730043,0.10155943
0.311911582,0.13233771
0.219348778,0.094358227
0.400961545,0.163842581
0.25016446,0.109137328
0.377500536,0.155585495
0.401213459,0.163452655
0.293796753,0.123705752
0.299968036,0.127465161
0.36722977,0.152819303
0.416514331,0.169035601
0.267219317,0.1141041
0.274445996,0.114854395
0.502668771,0.198046755
0.455661128,0.182308271
0.557366078,0.214752771
0.481789399,0.191351206
0.320947117,0.135174232
0.299151157,0.127242995
0.340578766,0.14203698
0.233794222,0.098953417
0.453236483,0.180780172
0.541022244,0.211368524
0.571011616,0.220815489
0.307666508,0.12960118
0.294142515,0.124652298
0.299648805,0.127826943
0.379092914,0.157064139
0.378709635,0.154363288
0.415875217,0.169437872
0.265035556,0.114810935
0.376631473,0.156420498
0.378697894,0.156163445
0.276900294,0.118577994
0.282417,0.121162662
0.378719333,0.156642114
0.528677419,0.205722924
0.520717235,0.200390041
0.383601894,0.151505768
0.530592767,0.207787227
0.511052328,0.200942786
0.737340473,0.266839947
0.553259898,0.214750827
0.30789189,0.13094272
0.263364192,0.114443814
0.277784538,0.118650512
0.210981435,0.090398894
0.375758615,0.155767098
0.330607428,0.139856106
0.365767094,0.151677601
0.246674859,0.105966198
0.248908596,0.10607558
0.324062659,0.136724426
0.300410521,0.127940652
0.348921971,0.144716433
0.285845267,0.120532365
0.219059397,0.095145051
0.282976843,0.121417036
0.315653347,0.132724895
0.338499725,0.141164452
0.292701723,0.124977465
0.354967528,0.147534864
0.559856957,0.214052892
0.562991584,0.215036157
0.564349626,0.212837478
0.799413791,0.283555727
0.606556047,0.229171116
0.747632062,0.265660113
0.559359534,0.211692387
0.2041348,0.089205249
0.260911438,0.113611146
0.159999987,0.071848611
0.123671385,0.05445918
0.313434195,0.132489319
0.316280992,0.133803438
0.298545808,0.127677124
0.215544902,0.092421922
0.240586335,0.102980205
0.279205638,0.119219659
0.246575406,0.107627708
0.277237,0.119419269
0.255602548,0.111229101
0.154538584,0.067778342
0.343197403,0.14324409
0.634932669,0.235474705
0.612553746,0.227737931
0.228572012,0.099735834
0.330654508,0.139821918
0.566097214,0.218815127
0.445700014,0.178240063
0.459444735,0.179588768
0.72826502,0.26354607
0.557424433,0.214935346
0.7055788,0.253616031
0.394205868,0.161218677
0.248063804,0.106759286
0.294932953,0.127328588
0.259830659,0.112448791
0.152191467,0.066824294
0.301716193,0.129670778
0.33936592,0.141505443
0.407430824,0.166040684
0.326893214,0.134741023
0.332742642,0.137643704
0.300958409,0.127388808
0.295571382,0.126801654
0.224507272,0.097769844
0.335214379,0.142733328
0.244698029,0.104193037
0.337778322,0.14064234
0.808373545,0.281372347
0.715435883,0.257006554
0.283661177,0.121358713
0.365851425,0.152380405
0.570696148,0.219210568
0.449441964,0.178847076
0.544888232,0.205451293
1.00747386,0.331800108
0.505341863,0.19668266
0.614829546,0.222983663
0.261111595,0.110996931
0.24656848,0.104976112
0.312011022,0.133629997
0.328886153,0.138815413
0.168494278,0.072518037
0.31998449,0.13583648
0.333258434,0.138840626
0.341262354,0.140988545
0.432279787,0.171015877
0.408894857,0.164568153
0.283443007,0.119577314
0.371463452,0.152582239
0.276628615,0.117216323
0.383382664,0.159166319
0.214540887,0.093953316
0.405851207,0.164232619
0.557948469,0.214237505
0.343352289,0.141807614
0.347699361,0.14542928
0.431177879,0.17499283
0.628713377,0.234928723
0.902246488,0.307696368
0.920739918,0.312484663
0.990272128,0.32780436
0.524896008,0.203513542
0.563893618,0.212829481
0.379672311,0.155181987
0.407940558,0.165045401
0.568103578,0.217180486
0.415178529,0.167285426
0.172684863,0.073286226
0.379893255,0.155800526
0.296701594,0.123795067
0.426142007,0.171054272
0.404695436,0.164062032
0.402271103,0.163574763
0.321653967,0.135298283
0.477289756,0.187381309
0.35936969,0.147846122
0.475403634,0.189293173
0.29773467,0.127194719
0.376197671,0.155575083
0.393294962,0.16219088
0.304379555,0.127300287
0.735407619,0.264593859
0.641689869,0.239196041
0.632532274,0.236838942
0.619343175,0.228442289
0.653507667,0.240345957
0.745405612,0.269294886
0.650193757,0.242929752
0.437703247,0.174409097
0.467673765,0.18527698
0.726763599,0.264500937
0.801986028,0.28470337
0.638649866,0.237152931
0.177516672,0.07557754
0.394801468,0.163116767
0.337403438,0.13905268
0.372198848,0.152770288
0.42904179,0.171062278
0.356556367,0.147846048
0.329032278,0.138813865
0.509262466,0.197067042
0.398985976,0.161971425
0.434764182,0.175624705
0.253583896,0.110241285
0.255880033,0.110352927
0.270863085,0.116139266
0.20047697,0.086546801
0.626683839,0.229940425
0.395071577,0.160303201
0.597165736,0.227111477
0.412595786,0.168414106
0.442492407,0.17727721
0.712504383,0.260185753
0.643350194,0.240762942
0.409676631,0.165155947
0.366231162,0.151692625
0.529269203,0.205277292
0.715112316,0.261523817
0.714030473,0.26106313
0.26989824,0.113816334
0.390803375,0.162254378
0.37042421,0.15407017
0.302576784,0.127823333
0.376629617,0.152820207
0.345461317,0.142493987
0.257319488,0.108302412
0.341769799,0.142890883
0.351663449,0.147363993
0.39697327,0.16296117
0.272472328,0.11694474
0.282262352,0.118623247
0.465883513,0.183853817
0.210758468,0.090935071
0.309998678,0.132401822
0.412442695,0.167563519
0.526093683,0.206190053
0.432342799,0.17548834
0.425041038,0.171912184
0.684125642,0.251023106
0.696858192,0.255622957
0.412327626,0.16608842
0.460326253,0.1832883
0.55499551,0.214633046
0.50240245,0.199275557
0.636070488,0.238490855
0.452845796,0.179466472
0.413260898,0.168224069
0.340875243,0.141398392
0.346816093,0.143154037
0.322131738,0.133467085
0.327285557,0.135506792
0.271808148,0.114669377
0.351483833,0.147202375
0.268517019,0.115104947
0.414752374,0.16806707
0.38662861,0.159560521
0.522645502,0.202151052
0.553762002,0.210143554
0.217922962,0.093252853
0.348419866,0.146725729
0.520191666,0.202763351
0.417579951,0.170844015
0.316904992,0.133786597
0.334321815,0.139707886
0.604019525,0.228205917
0.672161708,0.248330039
0.489359337,0.192289428
0.467753127,0.185933729
0.51797477,0.203338124
0.477249103,0.191325162
0.531660762,0.20653771
0.437306267,0.174146571
0.531755162,0.207131991
0.509505135,0.200733133
0.51337181,0.201146378
0.346442218,0.142476667
0.339840194,0.141162112
0.353518492,0.147007478
0.298944586,0.126426871
0.321680684,0.132969477
0.501906835,0.198733425
0.448743075,0.18094095
0.612087657,0.230491471
0.439688535,0.170172369
0.225098693,0.097061488
0.314009056,0.133598246
0.431566597,0.174579542
0.468491861,0.186655718
0.314712611,0.133072817
0.462236534,0.183272001
0.567422279,0.218718182
0.557855239,0.216104657
0.446177815,0.177665199
0.375079784,0.156356187
0.423612829,0.173301406
0.443095551,0.180529079
0.431996435,0.174680172
0.326671437,0.136348908
0.449544056,0.181378125
0.545427658,0.212504678
0.68347224,0.252622562
0.555401993,0.214465904
0.492094249,0.19516376
0.556256184,0.214179451
0.351296329,0.144262749
0.406759469,0.165522835
0.468472781,0.186704474
0.418582603,0.170965467
0.511441482,0.201654217
0.417346332,0.16920717
0.34159429,0.140674903
0.283560084,0.121478064
0.514714376,0.201120752
0.794890177,0.277979456
0.403348824,0.159853125
0.459126898,0.182779857
0.610787973,0.231810583
0.458033541,0.185328405
0.340883351,0.141724473
0.323809375,0.137704684
0.447276074,0.181131853
0.391347722,0.162785706
0.343476141,0.143093515
0.248538986,0.105962994
0.372572758,0.155213844
0.528395073,0.206480734
0.790440358,0.280883706
0.660984384,0.245873474
0.553325033,0.213934065
0.513062189,0.201360356
0.445736636,0.178314809
0.407953148,0.167368725
0.468077309,0.187674365
0.433968263,0.175447419
0.618685881,0.233912495
0.54982108,0.213973257
0.614297791,0.230180233
0.391706359,0.161394312
0.568110344,0.21493565
0.781318109,0.275319985
0.492225961,0.191060844
0.471559328,0.186429517
0.745972788,0.26999372
0.472910759,0.189030459
0.477381729,0.189147479
0.422317562,0.171741287
0.438394218,0.178142214
0.42091805,0.173185983
0.378376327,0.157805656
0.233745853,0.101190545
0.374148979,0.156631625
0.465706708,0.186799281
0.611145878,0.228821925
0.573446984,0.217453603
0.429052521,0.17319745
0.398588783,0.163963796
0.4108744,0.168317814
0.400144996,0.165138858
0.582924146,0.22348429
0.765031313,0.272047851
0.766651552,0.272655476
0.479475888,0.188983775
0.40760316,0.163647348
0.33251057,0.140859175
0.493534725,0.196233291
0.443787891,0.180292792
0.325467821,0.137849495
0.442356641,0.176713642
0.63240399,0.237497222
0.577087439,0.22191451
0.800501128,0.281835765
0.501958107,0.196269932
0.533067624,0.207641955
0.487517257,0.194466122
0.404025597,0.165866577
0.224953731,0.096704117
0.361368133,0.151472143
0.385309627,0.158382337
0.379455833,0.154699069
0.303415423,0.126307129
0.346334213,0.145209604
0.383061524,0.158730855
0.322566461,0.135890736
0.486733424,0.192333421
0.664384424,0.248135371
0.848162877,0.293793009
0.986422592,0.325758563
0.670686658,0.24361712
0.349698034,0.144422252
0.389441351,0.159972561
0.59093706,0.225624301
0.462112534,0.185643416
0.343336902,0.144505783
0.412524612,0.167660015
0.599833761,0.227975791
0.670378415,0.248886384
0.784094003,0.278826533
0.493760196,0.194921386
0.526463176,0.206443687
0.480782741,0.192347624
0.423548088,0.171393427
0.380685861,0.154013186
0.461598652,0.183340035
0.449482114,0.181024067
0.337386304,0.140607683
0.288907765,0.123022263
0.365392512,0.153002025
0.32241583,0.135782886
0.353770881,0.147447122
0.578148712,0.220863558
0.612406367,0.232398942
0.519912156,0.20173095
0.888897725,0.302046687
0.580213837,0.21834211
0.380859367,0.157436397
0.486948635,0.193076465
0.664051002,0.244682944
0.425327829,0.173118067
0.288541648,0.123757622
0.40930386,0.166703642
0.636030273,0.238978929
0.678740271,0.251836231
0.655301825,0.243434829
0.352871299,0.148066643
0.478268018,0.191949184
0.495251204,0.196994427
0.483548426,0.191534895
0.496609732,0.192783344
0.598867326,0.227939204
0.518745227,0.204516254
0.381721139,0.157072963
0.312564644,0.132733627
0.488257772,0.19333683
0.458451637,0.182915878
0.4028581,0.164535682
0.458378013,0.18430917
0.424871588,0.173297441
0.414728698,0.168816857
0.798864009,0.281200258
0.554147643,0.21296613
0.468280985,0.186310233
0.425314489,0.173398587
0.831487137,0.287915108
0.420837155,0.170960116
0.261049333,0.11370866
0.452250492,0.181955652
0.540005645,0.210762708
0.534922131,0.209096344
0.693338011,0.252904717
0.373363179,0.153723604
0.445897351,0.180854433
0.476112434,0.190391154
0.693691708,0.255246951
0.523283113,0.203762112
0.556491231,0.215858194
0.525539903,0.206134583
0.397689955,0.161658487
0.419781284,0.171060158
0.456675779,0.183494183
0.405817749,0.166260452
0.407371229,0.167766592
0.406648414,0.167400968
0.366536306,0.153651391
0.40615325,0.164520781
0.877114369,0.300800011
0.704909934,0.256431532
0.536634708,0.209446149
0.521147357,0.202890626
0.57202505,0.219847044
0.657789847,0.244472162
0.548624402,0.203434465
0.44372794,0.178429979
0.536692206,0.20893637
0.47555526,0.190524919
0.495260977,0.195607705
0.505732834,0.197712056
0.406871967,0.167707577
0.521819866,0.204981518
0.723318602,0.26349593
0.576806178,0.218788149
0.712256356,0.260917269
0.567730509,0.217840101
0.436200407,0.173316154
0.391976389,0.160084887
0.4357419,0.176307847
0.369553543,0.154090349
0.482884578,0.192599857
0.424027427,0.173211261
0.451585515,0.182357886
0.474010487,0.188020712
0.82848695,0.287628761
0.601235283,0.226658278
0.443215005,0.179090121
0.818189825,0.284798713
0.68088394,0.25027095
0.755529834,0.270052555
0.786029466,0.27589281
0.500690117,0.195318985
0.572319131,0.218474149
0.510703294,0.201489266
0.409007854,0.167351773
0.493270552,0.194090131
0.458686028,0.185160494
0.57296243,0.221130173
0.732120377,0.264314587
0.695015677,0.25224893
0.825656988,0.289278088
0.688699398,0.253070665
0.747791672,0.26730807
0.640416011,0.238088344
0.468466649,0.188306812
0.404947473,0.166378212
0.520349776,0.203951946
0.450793684,0.180659315
0.531575418,0.20778824
0.488423033,0.193234063
0.737052523,0.264035412
0.595594259,0.224980155
0.499975483,0.197002485
0.804827179,0.281434761
0.69781296,0.254290234
0.606641657,0.227875682
0.596416767,0.21982745
0.666064672,0.244379249
0.69299724,0.252233259
0.374712891,0.155674884
0.435177042,0.176359233
0.644234584,0.242060108
0.530708439,0.208378567
0.595413237,0.227499939
0.69219992,0.253307696
0.741662425,0.264417057
0.777337631,0.277735391
0.805552807,0.285512136
0.848252199,0.295538821
0.651625798,0.243434568
0.495630038,0.19651508
0.313956121,0.131598361
0.446892289,0.179017743
0.546169959,0.21176685
0.45543645,0.184174186
0.449126121,0.181397984
0.628279486,0.235457044
0.56282687,0.216251137
0.731027804,0.263205485
0.738837381,0.261362029
0.776934839,0.274628339
0.390282191,0.159571272
0.27581886,0.11856268
0.544078126,0.210751306
0.535712144,0.20738348
0.394460093,0.162514463
0.385469842,0.159524253
0.547398285,0.213248671
0.564208982,0.218865487
0.604160735,0.23061087
0.576373199,0.220470612
0.488597456,0.188201285
0.637050177,0.240075538
0.703829967,0.258225406
0.759881291,0.272498589
0.718537976,0.262469005
0.610300208,0.23127959
0.359042821,0.148872481
0.329214319,0.138724982
0.380592437,0.157729311
0.364255867,0.152962105
0.405036066,0.165175214
0.605696796,0.23015797
0.52163355,0.204397237
0.709477188,0.257552187
0.878112205,0.301542797
0.714896592,0.257066141
0.415299021,0.168001449
0.242945286,0.105794522
0.557832225,0.21364613
0.536878746,0.208935203
0.548541584,0.212514562
0.455340139,0.18165556
0.489527006,0.194231287
0.508576071,0.20151756
0.514503704,0.202879804
0.56009297,0.217016336
0.456883595,0.180909342
0.472257283,0.1866349
0.460508102,0.181355511
0.739699038,0.266613433
0.801738201,0.282828327
0.65292903,0.242554376
0.368106831,0.152071782
0.24651048,0.107176004
0.231189564,0.101470941
0.29577332,0.126410562
0.264733292,0.113057557
0.469835068,0.187131553
0.470601849,0.187976136
0.559575799,0.215043254
0.560531625,0.212034804
0.448648663,0.178933794
0.762023068,0.272582507
0.313365082,0.127738541
0.406681863,0.162987837
0.561261659,0.214803001
0.536553972,0.207613165
0.30368118,0.128884335
0.295560529,0.126706226
0.242049096,0.105894405
0.353317667,0.148652659
0.332079924,0.140098802
