Seed,Cigr_CD,Cire_CD,EVI2_CD,NDRE_CD,NDVI_CD,Cigr_CV,Cire_CV,EVI2_CV,NDRE_CV,NDVI_CV,CHM,Maize_high,N,P,K,pH,SoilTemp,SoilHumi,EC,Water feed Per Area (m3/dunam),Uv radiation,Evapotranspiration,Daily rain,Rain rate,Humidity,Wind speed,Temperature
7.29,1.60867884,0.420673826,1.000307862,0.170101189,0.51962637,0.955372209,0.249832392,0.594069063,0.101020754,0.308598945,0.593886228,2,3,5,10,6.7,38,25.3,57,9.4,8.4,1.98,0,0,55,6,36
11.05,2.38167484,0.66353969,1.320603403,0.245886781,0.65195676,3.852528534,1.073322666,2.136169978,0.397739366,1.054586453,1.61757116,0.94,0,0,0,6.7,39.6,14,0,7.51,5.4,1.98,0,0,61,3,35.2
6.3,1.456596584,0.359851466,0.878437671,0.150215757,0.470997212,0.440237038,0.108760343,0.265496159,0.045400724,0.142352673,0.302236764,1.42,0,1,2,6.4,38.1,26.4,10,1.96,7,0.66,0,0,68,3,32.9
8.5,1.994121898,0.49630987,1.138415961,0.194519235,0.575944665,1.439478248,0.358266595,0.821777754,0.140415793,0.415751824,0.72186071,2.3,27,38,77,6.5,38,21,389,9.4,8.1,2.67,0,0,54,1,37
10.1,1.438698175,0.368643819,0.889822274,0.152263877,0.472945496,0.504922087,0.129378357,0.312289907,0.053438168,0.165983826,0.35095762,1.38,0,1,2,6.5,39.6,19.8,12,1.96,5.5,0.66,0,0,70,3,31.8
10.49,2.282765165,0.630934289,1.244712083,0.234448977,0.618701988,2.614359329,0.72258372,1.425518794,0.268505004,0.708574557,1.145259867,1.31,0,0,0,6.7,41.7,14.3,0,7.51,8.3,1.27,0,0,64,8,34.4
10.87,2.60249289,0.647652598,1.463313789,0.242088772,0.701886836,2.806847309,0.698507942,1.578216943,0.261098204,0.757000792,1.078522566,2,3,5,10,6.7,38,25.3,57,9.4,8.4,1.98,0,0,55,6,36
6.94,1.701236303,0.399555153,1.044843406,0.162953219,0.53787568,0.978388898,0.229786024,0.600894295,0.093715153,0.309334802,0.575104644,2.08,1,2,4,6.5,41,17.5,24,7.51,8,1.27,0,0,63,0,34.1
4.39,1.169395599,0.259147804,0.783795743,0.111717851,0.421260966,0.773648017,0.171446844,0.518543103,0.073910227,0.278697569,0.661579382,0.92,0,0,0,6.5,41.7,13.6,0,7.51,7.9,1.27,0,0,62,6,34.7
7.01,1.762177239,0.403451472,1.075685128,0.164354458,0.5529403,1.419738056,0.325049828,0.866650119,0.132415897,0.445488892,0.805672678,1.2,0,0,0,6.2,39.3,20.7,0,1.96,6.3,0.66,0,0,71,3,31.9
5,1.594091036,0.374652553,1.031584822,0.155455484,0.536080789,0.933184625,0.219322482,0.60389217,0.091004004,0.313822949,0.585402341,1.2,0,0,0,6.2,39.3,20.7,0,1.96,6.3,0.66,0,0,71,3,31.9
7.04,1.793251678,0.409541426,1.058053649,0.165020499,0.539501721,1.399955383,0.319720724,0.826001124,0.128828172,0.421178103,0.780679812,1.1,0,0,0,6.6,42,15,0,7.51,8.5,1.27,0,0,63,1,34.7
8.25,1.892577713,0.475313334,1.184188898,0.189480905,0.597132252,0.850952068,0.213713213,0.532442068,0.085195534,0.268486161,0.449625958,1.23,2,4,8,6.38,39.6,23,46,9.4,4.8,1.98,0,0,57,1,35.9
7.06,1.788948651,0.407867961,1.055245906,0.165386429,0.54301763,0.905387387,0.206422083,0.534060233,0.083702116,0.274821367,0.506100265,1.62,1,1,2,6.4,40,26.5,15,9.4,6.8,1.98,0,0,53,6,36.1
6.8,1.592023299,0.386794943,1.010991091,0.160200138,0.528757297,0.998533675,0.242601836,0.634104193,0.100479203,0.331642111,0.627210466,1.1,0,0,0,6.6,42,15,0,7.51,8.5,1.27,0,0,63,1,34.7
5.72,1.439673382,0.328043888,0.957535357,0.138447997,0.503446693,0.7082312,0.161377517,0.471048797,0.068107942,0.247664963,0.491938803,1.72,1,1,3,6.6,37,25,15,1.96,4.6,0.66,0,0,73,11,31.1
7,1.376635492,0.334350362,0.888131304,0.140034457,0.469855608,0.661550455,0.160674075,0.426796833,0.067294399,0.225791935,0.480556007,2,0,0,0,6.5,42,12.4,0,7.51,7.9,1.27,0,0,64,6,34.6
5.16,1.346637667,0.302636512,0.861569519,0.127107575,0.453854047,0.53993632,0.121342547,0.345447545,0.050963966,0.181973436,0.400951446,1.38,1,1,3,6.4,38.9,19.4,15,1.96,4.5,0.66,0,0,74,6,31.2
0.98,0.477740767,0.096300619,0.31414178,0.042990673,0.177704377,0.12912174,0.026027721,0.084904902,0.011619336,0.048029182,0.27027574,1.1,0,0,0,6.6,42,15,0,7.51,8.5,1.27,0,0,63,1,34.7
1.83,0.656429379,0.136091557,0.483401843,0.060098729,0.26488667,0.231161611,0.047924643,0.170229963,0.021163768,0.093279843,0.352150007,1.86,0,1,2,6.3,38.4,24.5,14,9.4,8.2,2.67,0,0,53,1,37.1
3.5,0.928844934,0.221303172,0.605566815,0.093770957,0.325461462,0.288179641,0.06866062,0.18788069,0.029092995,0.100976346,0.310255921,2.13,0,0,0,6.5,40.8,14,0,7.51,4.8,1.98,0,0,59,16,35.3
4.94,1.199431391,0.295180021,0.791791957,0.122787172,0.416782709,0.507022922,0.124778322,0.334705824,0.05190452,0.176182138,0.422719403,1.83,1,1,3,6.7,40,25.8,16,9.4,7.2,1.98,0,0,56,12,36.1
1.4,0.789148703,0.175729999,0.519828568,0.075661421,0.283927385,0.307257993,0.068421131,0.202397193,0.029459057,0.110548187,0.389353732,1.38,1,1,3,6.4,38.9,19.4,15,1.96,4.5,0.66,0,0,74,6,31.2
4.65,1.1947229,0.276995855,0.799923282,0.116908829,0.424839762,0.596100822,0.138205652,0.399117591,0.058331057,0.211971606,0.498944837,1.31,0,0,0,6.7,41.7,14.3,0,7.51,8.3,1.27,0,0,64,8,34.4
4.2,1.138000233,0.252116361,0.736215786,0.107909937,0.398315995,0.503587671,0.111566489,0.325790085,0.047752287,0.176262727,0.442519831,2.19,9,13,27,6.3,39.5,22,137,9.4,8.6,1.98,0,0,60,4,35.2
5.72,1.461619315,0.330889238,0.900320974,0.138520106,0.476290515,0.639464007,0.1447653,0.393893849,0.060603073,0.208378911,0.437503802,1.24,0,0,1,6,40,24,7,1.96,6.7,0.66,0,0,69,6,32.3
5.76,1.546575517,0.334185953,0.973829883,0.139142501,0.504996143,0.810975654,0.175236624,0.510645822,0.07296196,0.264804126,0.52436861,2,0,0,0,6.5,42,12.4,0,7.51,7.9,1.27,0,0,64,6,34.6
5.19,1.405988358,0.305246325,0.852397252,0.127804319,0.450484093,0.631266717,0.137050812,0.382712995,0.057382134,0.202260291,0.448984313,1.86,0,1,2,6.3,38.4,24.5,14,9.4,8.2,2.67,0,0,53,1,37.1
4,1.107789741,0.23924495,0.710508912,0.102471459,0.382373068,0.439345571,0.094883718,0.281785372,0.040639826,0.151647833,0.396596534,1.85,0,0,0,6.7,41,13,0,7.51,8.1,1.27,0,0,62,6,34.7
4.75,1.281025629,0.278713238,0.796181157,0.11882917,0.429927415,0.592533393,0.128917718,0.36827048,0.054963968,0.198861244,0.462546088,1.26,0,0,0,6.6,40,13.6,0,7.51,8.3,1.27,0,0,63,9,34.9
5.36,1.357953528,0.30998425,0.883471377,0.131143512,0.470516204,0.455720099,0.104028636,0.29648707,0.044010883,0.157902083,0.335593295,1.1,1,2,4,6.2,39,25,23,9.4,7,2.67,0,0,55,1,36.6
4.6,1.209303835,0.273701918,0.802144995,0.115970798,0.42473874,0.292251147,0.066145246,0.193853511,0.028026537,0.102646151,0.241668916,1.01,0,0,0,6.8,39.2,14.8,0,7.51,8.2,1.98,0,0,61,0,35.1
6.96,1.646908588,0.396274514,1.02722384,0.163449741,0.538008937,1.151583171,0.277090705,0.718275256,0.114290479,0.376196981,0.699239278,1.3,0,0,0,6.5,38.4,10.3,0,7.51,7.4,1.27,0,0,67,0,33.2
6.05,1.436250695,0.352926856,0.946987446,0.14515294,0.493010207,1.0630401,0.261218603,0.700912197,0.107434863,0.364901212,0.740149407,1.42,0,1,2,6.4,38.1,26.4,10,1.96,7,0.66,0,0,68,3,32.9
4.6,1.618682502,0.381550025,1.006909616,0.157205947,0.524911364,0.690852987,0.162845385,0.429748586,0.06709543,0.224031942,0.426799565,1.86,0,1,2,6.3,38.4,24.5,14,9.4,8.2,2.67,0,0,53,1,37.1
5.49,1.344864195,0.321846981,0.890088669,0.133865359,0.466946611,0.385926874,0.092358321,0.255422918,0.038414466,0.133996612,0.286963453,1.72,1,1,3,6.6,37,25,15,1.96,4.6,0.66,0,0,73,11,31.1
8.29,1.957349047,0.478926036,1.221957729,0.190160903,0.610706904,1.413062453,0.345749472,0.882163857,0.137282225,0.440885593,0.721926656,1.76,15,21,46,6.3,40,21,262,9.4,7,1.98,0,0,58,1,36.1
5.47,1.370857607,0.3123104,0.895559588,0.133461752,0.479287807,0.592278209,0.134933522,0.386925984,0.05766207,0.20707601,0.432049402,1.35,0,1,2,6.6,39.5,19.8,10,1.96,5.3,0.66,0,0,73,8,31.5
6.23,1.494349964,0.360284395,0.953512623,0.148742648,0.498169194,0.54776266,0.132064338,0.349515591,0.054522482,0.182606812,0.366555809,1.31,0,0,0,6.7,41.7,14.3,0,7.51,8.3,1.27,0,0,64,8,34.4
8.72,2.187739494,0.513903122,1.267942204,0.198939375,0.625424428,1.889065455,0.443744165,1.094840507,0.171779822,0.540040386,0.863478243,1.13,2,3,7,6.4,39.2,15.9,37,1.96,5.8,0.66,0,0,70,9,32.1
8.3,1.913946872,0.459661298,1.178634981,0.183160866,0.590836351,1.163730324,0.279486228,0.716641245,0.111366651,0.35924413,0.608026451,2,3,5,10,6.7,38,25.3,57,9.4,8.4,1.98,0,0,55,6,36
7.15,1.773173815,0.410421393,1.094037072,0.167213195,0.561751144,1.106572697,0.256128928,0.682748382,0.104351618,0.350568271,0.624063297,1.13,0,0,0,6.6,41,12,0,7.51,7.8,1.27,0,0,66,3,34
8.6,2.186340436,0.497718158,1.316766035,0.19641409,0.649970278,1.805358379,0.410987983,1.087312184,0.162187836,0.53670932,0.825744403,1.22,2,3,6,6.4,38.9,6.6,34,1.96,4.9,0.66,0,0,73,8,31.2
4.9,1.343242219,0.283580615,0.920274819,0.121876289,0.489383999,0.996200478,0.210314372,0.682511464,0.090388178,0.362946136,0.741638748,1.85,0,0,0,6.7,41,13,0,7.51,8.1,1.27,0,0,62,6,34.7
9.09,2.331240558,0.533166838,1.295971715,0.206342383,0.640179759,2.230905963,0.510219794,1.240194204,0.197461584,0.612626971,0.956960857,1.45,0,0,0,6.3,38.7,18.6,0,1.96,7.1,0.66,0,0,70,3,32.6
6.81,1.702730085,0.391251618,1.116313252,0.160471086,0.572839313,1.84359747,0.423619985,1.208666192,0.173746909,0.620230486,1.082730309,1.13,2,3,7,6.4,39.2,15.9,37,1.96,5.8,0.66,0,0,70,9,32.1
7.4,2.766148393,0.64433187,1.534100688,0.241419656,0.727795521,2.766021364,0.644302281,1.534030238,0.241408569,0.727762098,0.999954077,1.56,0,0,0,6.6,38,15,0,7.51,8.2,1.27,0,0,62,8,34.8
5.52,1.423252056,0.31707137,1.010449574,0.134348165,0.529384727,1.462890438,0.325901989,1.038591172,0.138089838,0.544128394,1.027850571,1.38,1,1,3,6.4,38.9,19.4,15,1.96,4.5,0.66,0,0,74,6,31.2
5.83,1.441611374,0.332970965,0.91750557,0.14063583,0.489867172,0.624146847,0.144160057,0.397234802,0.0608884,0.212088401,0.432950834,1.34,0,0,0,6.6,41,13.5,0,7.51,8.1,1.27,0,0,65,11,34.2
13.5,1.626774772,0.376211105,1.04989534,0.156358091,0.545707561,0.571670655,0.13220567,0.368947421,0.054946348,0.191769017,0.351413524,1.01,0,0,0,6.8,39.2,14.8,0,7.51,8.2,1.98,0,0,61,0,35.1
5.14,1.398524123,0.296524857,0.882875429,0.126816201,0.472354552,0.589973282,0.125090258,0.372444712,0.053497948,0.199264754,0.421854205,1.35,0,1,2,6.6,39.5,19.8,10,1.96,5.3,0.66,0,0,73,8,31.5
5.8,1.469285571,0.330941308,0.923023443,0.139948819,0.491272601,0.501191548,0.112888188,0.314854755,0.047738279,0.167579183,0.341112414,1.86,0,1,2,6.3,38.4,24.5,14,9.4,8.2,2.67,0,0,53,1,37.1
3.4,1.184010047,0.252387104,0.766405989,0.109778014,0.4173732,0.330290114,0.070405623,0.213795755,0.030623552,0.11642996,0.278958878,1.38,0,1,2,6.5,39.6,19.8,12,1.96,5.5,0.66,0,0,70,3,31.8
5.66,1.465826954,0.322760873,0.93898896,0.137303473,0.49924017,0.441288847,0.097167522,0.282683678,0.041335364,0.150296812,0.30105112,1.58,12,17,35,6.5,41,25,181,9.4,8.5,1.98,0,0,59,6,35.7
3.14,0.932455477,0.197854488,0.629627873,0.086407045,0.343407554,0.317537751,0.067377232,0.214413046,0.029424996,0.116943774,0.340539317,1.45,0,0,0,6.3,38.7,18.6,0,1.96,7.1,0.66,0,0,70,3,32.6
4.05,1.076630208,0.242752473,0.72604369,0.104849592,0.392805985,0.302169727,0.068131516,0.203773238,0.029427349,0.11024591,0.280662502,1.5,0,1,2,6.7,40.4,15.8,10,7.51,7.6,1.27,0,0,67,0,33.6
6.6,1.71109403,0.402291229,0.989665336,0.156160985,0.498453954,1.03295772,0.242856221,0.597443759,0.094271672,0.300907987,0.603682616,1.23,2,4,8,6.38,39.6,23,46,9.4,4.8,1.98,0,0,57,1,35.9
9.38,2.425206571,0.568297054,1.318968262,0.212149902,0.633428282,1.666412717,0.390489391,0.906292071,0.145772858,0.435242489,0.68712197,1.62,1,1,2,6.4,40,26.5,15,9.4,6.8,1.98,0,0,53,6,36.1
4.4,1.035639766,0.229896567,0.687734576,0.098627874,0.370199352,0.378550812,0.084032629,0.251383242,0.036050819,0.135316613,0.365523635,1.22,2,3,6,6.4,38.9,6.6,34,1.96,4.9,0.66,0,0,73,8,31.2
7.46,1.856361076,0.448960666,1.053962795,0.17357226,0.526723041,0.930013245,0.224923573,0.528021931,0.086957491,0.263881532,0.500987258,1.38,1,1,3,6.4,38.9,19.4,15,1.96,4.5,0.66,0,0,74,6,31.2
3.58,1.010693527,0.224101432,0.656237325,0.095376449,0.351275979,0.301056062,0.066753267,0.195473919,0.028409856,0.104634847,0.297870772,1.73,0,0,0,6.6,38,24,0,1.96,5.3,0.66,0,0,73,8,31.5
7.37,1.76101931,0.42418154,1.115159908,0.171660677,0.568425963,0.89674546,0.216001533,0.567861226,0.087412973,0.289453613,0.509219549,1.1,1,2,4,6.2,39,25,23,9.4,7,2.67,0,0,55,1,36.6
4.05,1.103679523,0.245270844,0.729099105,0.104710265,0.388563566,0.397197744,0.088269306,0.262391857,0.037683657,0.139838213,0.359885036,1.22,2,3,6,6.4,38.9,6.6,34,1.96,4.9,0.66,0,0,73,8,31.2
7.41,1.756541698,0.42547372,1.113539997,0.172444254,0.567604838,0.698841188,0.169274979,0.443022568,0.068607052,0.225821932,0.397850611,0.94,0,0,0,6.7,39.6,14,0,7.51,5.4,1.98,0,0,61,3,35.2
4.75,1.24075525,0.285284991,0.781072509,0.118972661,0.411537512,0.323173184,0.074306725,0.203441968,0.030988202,0.107191074,0.260464893,1.13,0,0,0,6.6,41,12,0,7.51,7.8,1.27,0,0,66,3,34
8.6,2.105261863,0.519723851,1.263884518,0.202370674,0.62619793,1.283967938,0.316971857,0.770824393,0.123422868,0.381908816,0.609885146,1.56,0,0,0,6.6,38,15,0,7.51,8.2,1.27,0,0,62,8,34.8
6.39,1.65035169,0.368839405,1.007999286,0.151939474,0.52243104,1.371511562,0.306521035,0.837689739,0.126268084,0.434162134,0.831041996,1.86,0,1,2,6.3,38.4,24.5,14,9.4,8.2,2.67,0,0,53,1,37.1
6.62,1.676836594,0.37773093,1.044749323,0.156589928,0.543913448,0.842273043,0.189733801,0.524776353,0.078654936,0.273207083,0.502298821,1.61,6,8,17,6.65,41,23,90,9.4,8.6,1.98,0,0,59,3,35.5
5.18,1.35937792,0.296562789,0.876399418,0.127521927,0.470480174,0.631848843,0.137844563,0.407356887,0.059273129,0.218682641,0.464807346,1.28,0,0,1,6.3,40,23.8,8,1.96,6,0.66,0,0,69,9,32
5.53,1.431227347,0.314487453,0.958798647,0.134574232,0.508011532,0.662037565,0.145471303,0.44350796,0.062249507,0.234989024,0.462566319,1.23,2,4,8,6.38,39.6,23,46,9.4,4.8,1.98,0,0,57,1,35.9
3.6,1.161771674,0.252097525,0.744731978,0.108823907,0.403130292,0.432365886,0.093820819,0.277160055,0.040499993,0.150029295,0.372160809,1.45,0,0,0,6.3,38.7,18.6,0,1.96,7.1,0.66,0,0,70,3,32.6
6.35,1.609055376,0.359450504,1.04030956,0.15106778,0.543818587,0.829157999,0.185227473,0.536079122,0.077846331,0.280233694,0.515307311,1.99,2,3,7,6.2,39.5,27,38,9.4,8.5,1.98,0,0,60,1,35.1
13.12,3.391410352,0.832014575,1.603169919,0.287432297,0.748933893,4.214828627,1.03402375,1.992411938,0.35721949,0.930771474,1.242795236,1.42,0,1,2,6.4,38.1,26.4,10,1.96,7,0.66,0,0,68,3,32.9
8.31,2.132974209,0.499200683,1.17190997,0.190655052,0.580394297,1.899044634,0.444451871,1.043383146,0.16974535,0.516740742,0.890327049,1.38,0,1,2,6.5,39.6,19.8,12,1.96,5.5,0.66,0,0,70,3,31.8
7.4,1.842991944,0.421902345,1.154129717,0.172245293,0.588446063,1.28100407,0.293250669,0.802198224,0.11972213,0.409009819,0.695067645,1.45,0,0,0,6.3,38.7,18.6,0,1.96,7.1,0.66,0,0,70,3,32.6
5.75,1.525876422,0.328496604,0.98887346,0.138959849,0.519179949,1.176871415,0.25336145,0.762694076,0.107176356,0.400430882,0.771275706,0.92,0,0,0,6.5,41.7,13.6,0,7.51,7.9,1.27,0,0,62,6,34.7
6.2,2.229506582,0.499869904,1.331585382,0.196414877,0.654093323,2.267769982,0.508448808,1.354438413,0.199785802,0.665319051,1.017162273,1.62,1,1,2,6.4,40,26.5,15,9.4,6.8,1.98,0,0,53,6,36.1
6.21,1.699357485,0.356156709,1.020559711,0.148363586,0.529643796,1.53212765,0.321108152,0.920128793,0.133763469,0.477522776,0.901592316,1.31,0,0,0,6.7,41.7,14.3,0,7.51,8.3,1.27,0,0,64,8,34.4
6.89,1.694438877,0.390972131,1.107527125,0.161955994,0.57024928,0.97377148,0.224686482,0.636481104,0.093073955,0.327714674,0.574686696,1.3,0,0,0,6.5,38.4,10.3,0,7.51,7.4,1.27,0,0,67,0,33.2
9.92,2.489579477,0.580183692,1.463842243,0.223108018,0.703384136,2.538926616,0.591683789,1.492857757,0.227530348,0.717326248,1.019821476,1.87,1,1,3,6.6,38,24.6,19,9.4,7.8,2.67,0,0,51,3,36.9
6.7,1.678779824,0.378895072,1.157858492,0.15823585,0.592102593,0.892111884,0.201346711,0.615291718,0.084087312,0.31464624,0.531404936,1.13,0,0,0,6.6,41,12,0,7.51,7.8,1.27,0,0,66,3,34
5.95,1.515155472,0.338227998,1.007319457,0.143112923,0.530071835,0.936949989,0.209155248,0.622911623,0.088498939,0.327788672,0.618385378,1.1,0,0,0,6.6,42,15,0,7.51,8.5,1.27,0,0,63,1,34.7
8.9,1.656328661,0.377561102,1.130884098,0.157989304,0.581548304,0.668892,0.152474329,0.456696394,0.063802423,0.234852549,0.403840141,1.56,0,0,0,6.6,38,15,0,7.51,8.2,1.27,0,0,62,8,34.8
8.32,2.053885035,0.477838072,1.305201577,0.190804236,0.646426773,2.0507653,0.477112263,1.30321905,0.190514415,0.645444888,0.998481057,1.85,0,0,0,6.7,41,13,0,7.51,8.1,1.27,0,0,62,6,34.7
9.96,2.26489464,0.58403973,1.332228234,0.223777011,0.654842824,1.899867565,0.489911592,1.117516535,0.187711462,0.549303539,0.838832646,1.87,1,1,3,6.6,38,24.6,19,9.4,7.8,2.67,0,0,51,3,36.9
8.92,2.070278385,0.512553887,1.288842873,0.202894712,0.640547903,1.322074895,0.327315704,0.82305202,0.129568084,0.40905238,0.638597642,1.07,2,2,5,6.5,39,26.5,30,9.4,8.1,2.67,0,0,55,0,36.2
6.85,1.594017217,0.394489212,1.021985032,0.161267979,0.527510129,0.454366831,0.112447225,0.291311847,0.045968651,0.150364189,0.285045121,0.94,0,0,0,6.7,39.6,14,0,7.51,5.4,1.98,0,0,61,3,35.2
7.76,1.797638042,0.44201343,1.152743311,0.179456569,0.588068643,1.209160958,0.297315349,0.775379789,0.120709438,0.395557742,0.672638724,1.42,0,1,2,6.4,38.1,26.4,10,1.96,7,0.66,0,0,68,3,32.9
12.1,2.378565034,0.597831812,1.373820297,0.227001477,0.669505409,1.850849751,0.465195126,1.069020573,0.176638276,0.520967012,0.778137123,1.87,1,1,3,6.6,38,24.6,19,9.4,7.8,2.67,0,0,51,3,36.9
10.1,2.400805902,0.59085811,1.420705015,0.226661365,0.688717782,2.743173967,0.675117711,1.623305328,0.258984517,0.786932708,1.142605474,1.38,0,1,2,7,40,16.8,11,1.96,4.4,0.2,0,0,74,9,31.2
5.71,1.460942986,0.329219474,0.862518355,0.13831272,0.463932109,0.903235718,0.203541679,0.533256529,0.08551257,0.286828477,0.618255282,1.85,0,0,0,6.7,41,13,0,7.51,8.1,1.27,0,0,62,6,34.7
4.24,1.16414551,0.252539647,0.681468261,0.108718608,0.376080878,0.701244873,0.152121991,0.410495183,0.065488692,0.226539367,0.602368748,1.35,0,1,2,6.6,39.5,19.8,10,1.96,5.3,0.66,0,0,73,8,31.5
4.64,1.237111694,0.275293086,0.694964429,0.116595161,0.379123129,0.866056901,0.192722677,0.48651932,0.081624032,0.265410313,0.700063628,1.13,2,3,7,6.4,39.2,15.9,37,1.96,5.8,0.66,0,0,70,9,32.1
8.39,2.01356299,0.493503921,1.16358155,0.192187585,0.582380724,1.898080188,0.465200254,1.096847279,0.181165153,0.548979753,0.942647534,1.1,0,0,0,6.6,42,15,0,7.51,8.5,1.27,0,0,63,1,34.7
2.2,1.145081006,0.246151087,0.646089603,0.107369095,0.363031991,0.715012315,0.153701841,0.40343174,0.067043488,0.2266847,0.624420728,1.38,0,1,2,7,40,16.8,11,1.96,4.4,0.2,0,0,74,9,31.2
3.21,0.941813123,0.201880957,0.534772871,0.087912779,0.300690796,0.610056721,0.130767805,0.346397577,0.056945248,0.194771591,0.647747102,1.86,0,1,2,6.3,38.4,24.5,14,9.4,8.2,2.67,0,0,53,1,37.1
5.23,1.347217788,0.304628644,0.804968687,0.128648286,0.434647652,0.640222809,0.144765166,0.382536008,0.061136045,0.206552603,0.475218495,1.38,0,1,2,6.5,39.6,19.8,12,1.96,5.5,0.66,0,0,70,3,31.8
3.82,1.037533139,0.229248122,0.647786982,0.10009255,0.358824595,0.376805442,0.083257042,0.235259628,0.036351048,0.130315896,0.363174368,1.1,0,0,0,6.6,42,15,0,7.51,8.5,1.27,0,0,63,1,34.7
4.32,1.143144021,0.255377678,0.691686525,0.11029856,0.381710895,0.583248792,0.130297425,0.352908577,0.056275938,0.194754479,0.51021462,1.2,0,0,0,6.2,39.3,20.7,0,1.96,6.3,0.66,0,0,71,3,31.9
4.38,1.205336376,0.255876706,0.69837842,0.111349708,0.38953774,0.742384571,0.157598262,0.430141639,0.068581938,0.239922078,0.615914848,1.5,0,1,2,6.7,40.4,15.8,10,7.51,7.6,1.27,0,0,67,0,33.6
5.3,1.235665362,0.285056454,0.740997743,0.120651165,0.402582524,0.489708774,0.112971239,0.293666156,0.047815481,0.159548208,0.396311808,1.38,0,1,2,6.5,39.6,19.8,12,1.96,5.5,0.66,0,0,70,3,31.8
5.2,1.325714669,0.299362456,0.798641119,0.127929723,0.433879873,0.857083566,0.193539867,0.516326925,0.082707438,0.280506294,0.646506813,1.58,12,17,35,6.5,41,25,181,9.4,8.5,1.98,0,0,59,6,35.7
9.5,2.37154519,0.558293587,1.290576911,0.214667025,0.638776408,1.95613102,0.460499512,1.06451167,0.177064653,0.526884477,0.824833964,1.58,12,17,35,6.5,41,25,181,9.4,8.5,1.98,0,0,59,6,35.7
11.15,2.800644514,0.689402364,1.376877118,0.247832159,0.667070184,2.770050973,0.681871505,1.361836457,0.245124902,0.659783276,0.98907625,2.19,9,13,27,6.3,39.5,22,137,9.4,8.6,1.98,0,0,60,4,35.2
11.49,2.870556748,0.692373681,1.495164861,0.254682888,0.713125461,2.162645988,0.521626742,1.126440816,0.191875296,0.537260905,0.753389038,1.57,0,0,1,6.4,39,16.9,7,1.96,5.3,0.66,0,0,73,8,31.5
10.13,2.535825534,0.602177263,1.364926605,0.227343458,0.665599325,2.06621135,0.490658951,1.112153343,0.185241306,0.542335765,0.814808165,1.1,1,2,4,6.2,39,25,23,9.4,7,2.67,0,0,55,1,36.6
13.6,2.828345411,0.667454065,1.495440323,0.248073835,0.713820922,2.729916248,0.644226016,1.44339755,0.239440625,0.688979262,0.96519903,2,3,5,10,6.7,38,25.3,57,9.4,8.4,1.98,0,0,55,6,36
11.17,2.696367854,0.675676668,1.42604036,0.248306659,0.685438465,2.771377681,0.694473209,1.465711149,0.255214262,0.704506568,1.02781884,1.07,2,2,5,6.5,39,26.5,30,9.4,8.1,2.67,0,0,55,0,36.2
4.83,1.312814123,0.279618751,0.775760807,0.120584002,0.425468877,0.843736856,0.179709101,0.498576282,0.077498532,0.273446002,0.642693311,1.01,0,0,0,6.8,39.2,14.8,0,7.51,8.2,1.98,0,0,61,0,35.1
3.98,1.101094489,0.236374552,0.667248947,0.103482439,0.372360148,0.516283447,0.110831786,0.312861057,0.048521058,0.174592991,0.468882055,1.35,0,1,2,6.6,39.5,19.8,10,1.96,5.3,0.66,0,0,73,8,31.5
5.84,1.587869692,0.33542545,0.90960518,0.14076422,0.483825016,1.237649744,0.261444138,0.708983,0.109717316,0.377112751,0.779440372,1.13,2,3,7,6.4,39.2,15.9,37,1.96,5.8,0.66,0,0,70,9,32.1
4.3,1.260460063,0.273323296,0.753812829,0.118556945,0.417184323,0.823770623,0.178629778,0.49265255,0.077482604,0.272649804,0.653547579,1.38,0,1,2,6.5,39.6,19.8,12,1.96,5.5,0.66,0,0,70,3,31.8
5.76,1.461621231,0.328558116,0.876958628,0.13924441,0.472704394,1.035056152,0.23267047,0.621023699,0.098606794,0.334748552,0.70815621,1.24,0,0,1,6,40,24,7,1.96,6.7,0.66,0,0,69,6,32.3
7.86,1.821708942,0.453337123,1.095938608,0.181497132,0.561558804,1.301460784,0.323871983,0.782957742,0.129664731,0.401187448,0.714417519,1.61,6,8,17,6.65,41,23,90,9.4,8.6,1.98,0,0,59,3,35.5
5.16,1.396025347,0.295355674,0.853721171,0.127170581,0.463257743,0.864206759,0.182839352,0.52849442,0.078724699,0.286778799,0.619048043,2.19,9,13,27,6.3,39.5,22,137,9.4,8.6,1.98,0,0,60,4,35.2
4.99,1.297430903,0.287732963,0.799368375,0.123742463,0.437166538,0.787366247,0.174615251,0.485109207,0.07509505,0.265301355,0.606865649,0.92,0,0,0,6.5,41.7,13.6,0,7.51,7.9,1.27,0,0,62,6,34.7
7.36,1.769446745,0.418045905,1.101794031,0.171371285,0.5685044,1.78011084,0.420565382,1.108434318,0.172404104,0.57193066,1.006026796,1.1,0,0,0,6.6,42,15,0,7.51,8.5,1.27,0,0,63,1,34.7
10.3,2.366381676,0.604430933,1.401731476,0.230655491,0.682161171,2.535097774,0.647525092,1.501670834,0.247100553,0.730797269,1.071297078,1.76,15,21,46,6.3,40,21,262,9.4,7,1.98,0,0,58,1,36.1
6.54,1.618292182,0.370959521,1.001251617,0.155048477,0.52759908,1.43384969,0.32867995,0.887135423,0.137377053,0.467466744,0.886026458,1.58,12,17,35,6.5,41,25,181,9.4,8.5,1.98,0,0,59,6,35.7
5.3,1.554699244,0.364275108,0.935183083,0.151038073,0.494828311,1.027727262,0.240802497,0.618198763,0.09984307,0.327104131,0.661045708,1.86,0,1,2,6.3,38.4,24.5,14,9.4,8.2,2.67,0,0,53,1,37.1
14.49,3.649920408,0.926410605,1.68326495,0.31513266,0.777235754,5.324611173,1.351475021,2.455596385,0.459724787,1.133854364,1.458829393,1.62,1,1,2,6.4,40,26.5,15,9.4,6.8,1.98,0,0,53,6,36.1
13.92,3.508755647,0.88659066,1.618917155,0.303617145,0.754916119,5.625834939,1.42153322,2.595723844,0.486810743,1.210410158,1.603370398,2,0,0,0,6.5,42,12.4,0,7.51,7.9,1.27,0,0,64,6,34.6
14.25,3.48126731,0.904557083,1.653816281,0.310322904,0.768060404,5.291689962,1.374969288,2.513878491,0.471705401,1.16748792,1.520047009,1.26,0,0,0,6.6,40,13.6,0,7.51,8.3,1.27,0,0,63,9,34.9
14.9,3.586948996,0.962516453,1.642591561,0.323298375,0.76447505,5.916308883,1.587573352,2.709288327,0.533247908,1.260924127,1.649398664,1.58,12,17,35,6.5,41,25,181,9.4,8.5,1.98,0,0,59,6,35.7
15.5,3.677964962,0.971036519,1.667700255,0.325290625,0.772288254,5.615006758,1.482443871,2.546013434,0.496608607,1.179022587,1.526661296,1.38,0,1,2,7,40,16.8,11,1.96,4.4,0.2,0,0,74,9,31.2
14.28,3.497362841,0.913641896,1.621881245,0.310836909,0.756060479,4.945662989,1.291992028,2.293521836,0.439558223,1.069154245,1.414112065,1.58,12,17,35,6.5,41,25,181,9.4,8.5,1.98,0,0,59,6,35.7
9.82,2.3464695,0.578704005,1.365289913,0.221018048,0.668024017,4.489084174,1.107131795,2.611967188,0.422834654,1.278011942,1.913122746,1.76,15,21,46,6.3,40,21,262,9.4,7,1.98,0,0,58,1,36.1
9.06,2.188603553,0.526916917,1.312122715,0.205793807,0.648965777,3.255285116,0.783725675,1.951625062,0.306093589,0.965258707,1.487379983,1.45,0,0,0,6.3,38.7,18.6,0,1.96,7.1,0.66,0,0,70,3,32.6
9.34,2.231427194,0.542210251,1.352921298,0.211313053,0.66419844,3.131485555,0.760913721,1.898629502,0.296547328,0.932106513,1.403355469,1.72,1,1,3,6.6,37,25,15,1.96,4.6,0.66,0,0,73,11,31.1
9.87,2.311880256,0.579027833,1.371215183,0.221986255,0.670597767,3.291614416,0.824409637,1.952312042,0.316060122,0.954785297,1.423782398,1.38,0,1,2,7,40,16.8,11,1.96,4.4,0.2,0,0,74,9,31.2
10.1,1.93370876,0.468236566,1.214119983,0.187153321,0.610999547,1.796826978,0.435091422,1.128175859,0.173905266,0.567748614,0.929212824,1.57,0,0,1,6.4,39,16.9,7,1.96,5.3,0.66,0,0,73,8,31.5
8,1.88613674,0.45993064,1.192910544,0.184348762,0.603699016,2.132232369,0.519940563,1.348556773,0.208401856,0.682467265,1.130476027,1.56,0,0,0,6.6,38,15,0,7.51,8.2,1.27,0,0,62,8,34.8
11.07,2.670518983,0.666888351,1.453051965,0.246126974,0.699550337,3.97482097,0.992601745,2.162733707,0.366337278,1.041216096,1.488407682,1.45,0,0,0,6.3,38.7,18.6,0,1.96,7.1,0.66,0,0,70,3,32.6
10.95,2.643606777,0.653110612,1.504322618,0.243788059,0.71820044,4.540285547,1.121690525,2.583612017,0.41869593,1.233479619,1.717458734,2,3,5,10,6.7,38,25.3,57,9.4,8.4,1.98,0,0,55,6,36
12.05,2.885500875,0.731918335,1.524268826,0.265892923,0.725190278,5.330054501,1.351988714,2.81560681,0.491153471,1.339560746,1.847185197,1.26,0,0,0,6.6,40,13.6,0,7.51,8.3,1.27,0,0,63,9,34.9
10.93,2.504071576,0.649394607,1.468875003,0.243425863,0.706389143,4.848964907,1.257508647,2.844376899,0.471377686,1.367874705,1.936432231,1.13,2,3,7,6.4,39.2,15.9,37,1.96,5.8,0.66,0,0,70,9,32.1
9,3.01094075,0.769330945,1.538427762,0.274696576,0.729530641,5.644210449,1.442162473,2.883886057,0.514937162,1.367554133,1.874567093,1.42,0,1,2,6.4,38.1,26.4,10,1.96,7,0.66,0,0,68,3,32.9
11.26,2.620718656,0.673250434,1.48959788,0.250091797,0.713509383,5.362865455,1.377695193,3.048214656,0.511771324,1.460078446,2.046333911,1.42,0,1,2,6.4,38.1,26.4,10,1.96,7,0.66,0,0,68,3,32.9
7.07,1.713990217,0.399536901,1.096196956,0.165656557,0.567490877,1.796192776,0.418698595,1.148770299,0.173601406,0.594707603,1.04795976,1.56,0,0,0,6.6,38,15,0,7.51,8.2,1.27,0,0,62,8,34.8
7.11,1.720505117,0.402580353,1.064737479,0.166436662,0.555373734,1.83393172,0.429121002,1.134931723,0.177409221,0.591987491,1.065926339,1.1,1,2,4,6.2,39,25,23,9.4,7,2.67,0,0,55,1,36.6
7.3,1.808739962,0.416994851,1.124192589,0.170294933,0.576334597,1.999389435,0.460948017,1.242687634,0.188244799,0.637082902,1.105404578,1.42,0,0,0,6.4,39,17.5,0,1.96,6.9,0.66,0,0,69,6,32.4
6.51,1.583773958,0.370913249,0.977496675,0.154382436,0.515572223,1.51763854,0.35542461,0.936678255,0.147935716,0.494042898,0.958241883,2,0,1,2,6.6,41.4,12.4,13,9.4,8.5,1.98,0,0,60,1,35.1
5.1,1.467027314,0.324987464,0.938041476,0.13899672,0.503090127,1.71396451,0.37969094,1.095937194,0.162393326,0.587772712,1.16832488,2,3,5,10,6.7,38,25.3,57,9.4,8.4,1.98,0,0,55,6,36
6.07,1.528174658,0.343175083,0.950277723,0.145553566,0.508566506,1.524884836,0.342436303,0.948231985,0.145240221,0.507471675,0.997847221,2,0,1,2,6.6,41.4,12.4,13,9.4,8.5,1.98,0,0,60,1,35.1
8.55,2.053670507,0.491788562,1.283298427,0.19536623,0.638541001,2.277597376,0.545411903,1.423225937,0.216668453,0.708165845,1.109037389,1.22,2,3,6,6.4,38.9,6.6,34,1.96,4.9,0.66,0,0,73,8,31.2
11.79,2.814327354,0.711774574,1.548931666,0.260648357,0.733273353,3.680839829,0.930925181,2.025837315,0.340900234,0.959043289,1.307893278,2.13,0,0,0,6.5,40.8,14,0,7.51,4.8,1.98,0,0,59,16,35.3
7.31,1.811681505,0.415056172,1.146664156,0.170468865,0.586864801,2.271647529,0.520434373,1.437789583,0.213749036,0.735863325,1.25388901,1.76,15,21,46,6.3,40,21,262,9.4,7,1.98,0,0,58,1,36.1
9.29,2.233576302,0.547583465,1.310507331,0.210370283,0.643597067,2.53443668,0.621342381,1.487031289,0.238706939,0.730288915,1.134698947,0.92,0,0,0,6.5,41.7,13.6,0,7.51,7.9,1.27,0,0,62,6,34.7
4.2,1.84085566,0.410649957,1.150159576,0.168854171,0.587804641,1.934826196,0.43161249,1.208872008,0.177473705,0.617810425,1.051047205,2,3,5,10,6.7,38,25.3,57,9.4,8.4,1.98,0,0,55,6,36
9.45,2.319125874,0.553486052,1.378384975,0.213657442,0.671335477,2.320130618,0.553725846,1.37898215,0.213750007,0.671626328,1.000433243,1.87,1,1,3,6.6,38,24.6,19,9.4,7.8,2.67,0,0,51,3,36.9
7.35,1.784481135,0.418338771,1.126158492,0.171351892,0.578282857,1.260698811,0.295547642,0.795607555,0.121056548,0.408544813,0.706479204,1.42,0,1,2,6.4,38.1,26.4,10,1.96,7,0.66,0,0,68,3,32.9
7.96,1.974681593,0.457639792,1.190335387,0.183653421,0.601402257,1.558060762,0.361086367,0.939196915,0.144905989,0.474517644,0.78901873,2.3,27,38,77,6.5,38,21,389,9.4,8.1,2.67,0,0,54,1,37
11.03,2.72511078,0.661514694,1.50919573,0.24539737,0.718767582,2.267119193,0.550338236,1.255555051,0.204155035,0.597969005,0.831936525,0.94,0,0,0,6.7,39.6,14,0,7.51,5.4,1.98,0,0,61,3,35.2
13.36,3.331909048,0.835258753,1.626630816,0.292273107,0.758519454,4.603351511,1.153989976,2.247346286,0.403803294,1.047967284,1.381595789,1.23,2,4,8,6.38,39.6,23,46,9.4,4.8,1.98,0,0,57,1,35.9
5,1.818620044,0.426724348,1.119125378,0.173904501,0.575062689,1.495147953,0.350824262,0.920070151,0.142972668,0.472778141,0.82213322,1.42,0,0,0,6.4,39,17.5,0,1.96,6.9,0.66,0,0,69,6,32.4
8.73,2.164685359,0.509170358,1.250447859,0.199008969,0.622301055,2.14910139,0.505504747,1.241445654,0.197576267,0.617820996,0.992800816,2,0,1,2,6.6,41.4,12.4,13,9.4,8.5,1.98,0,0,60,1,35.1
10.55,2.4093946,0.62548192,1.385416605,0.235693366,0.676095825,2.459029376,0.638367171,1.413956904,0.240548772,0.690023749,1.020600518,1.35,0,1,2,6.6,39.5,19.8,10,1.96,5.3,0.66,0,0,73,8,31.5
9.61,2.229240626,0.561305551,1.33221396,0.216782715,0.656432366,2.257989596,0.568544319,1.349394599,0.219578411,0.664897919,1.012896306,2,0,0,0,6.5,42,12.4,0,7.51,7.9,1.27,0,0,64,6,34.6
8.81,1.979184497,0.513601281,1.178963658,0.200612943,0.598144748,1.976772524,0.512975371,1.177526891,0.200368462,0.597415807,0.99878133,1.01,0,0,0,6.8,39.2,14.8,0,7.51,8.2,1.98,0,0,61,0,35.1
9.59,2.23242008,0.568687277,1.281093653,0.216484335,0.634948644,2.700480312,0.687921063,1.549694082,0.261873511,0.768075116,1.209664944,1.38,1,1,3,6.4,38.9,19.4,15,1.96,4.5,0.66,0,0,74,6,31.2
12.09,2.819893976,0.740167599,1.483845259,0.266728623,0.710374179,4.153540564,1.09022402,2.185618156,0.392875819,1.046340037,1.472942103,1.1,1,2,4,6.2,39,25,23,9.4,7,2.67,0,0,55,1,36.6
11,2.543902905,0.660103037,1.420351545,0.244886959,0.688057387,3.430271672,0.890101876,1.915242779,0.330212603,0.927796323,1.348428694,1.87,1,1,3,6.6,38,24.6,19,9.4,7.8,2.67,0,0,51,3,36.9
8.17,1.944100975,0.467562987,1.2177553,0.187723081,0.612745221,1.616711276,0.388824636,1.012683369,0.156110215,0.509557951,0.831598408,1.73,0,0,0,6.6,38,24,0,1.96,5.3,0.66,0,0,73,8,31.5
7.69,1.94515906,0.440244242,1.139898576,0.178190466,0.582235491,2.398542442,0.542857662,1.405589481,0.219723623,0.717944649,1.233082935,1.01,0,0,0,6.8,39.2,14.8,0,7.51,8.2,1.98,0,0,61,0,35.1
7.84,1.7972644,0.444358917,1.205168957,0.181150074,0.610734964,1.376909006,0.340429485,0.923296534,0.138781566,0.467892466,0.76611377,1.01,0,0,0,6.8,39.2,14.8,0,7.51,8.2,1.98,0,0,61,0,35.1
4,1.625843395,0.389414609,1.045931214,0.161425099,0.546405524,1.65708547,0.396897569,1.066029744,0.164527031,0.556905209,1.019215919,1.86,0,1,2,6.3,38.4,24.5,14,9.4,8.2,2.67,0,0,53,1,37.1
7.63,1.800363449,0.43300023,1.180230289,0.176932885,0.600441572,1.290719876,0.310427322,0.846132871,0.12684705,0.430469677,0.71692184,1.86,0,1,2,6.3,38.4,24.5,14,9.4,8.2,2.67,0,0,53,1,37.1
7.14,1.743441197,0.404949462,1.105677009,0.16700614,0.569941024,1.560861932,0.362541737,0.989886642,0.149516673,0.510254805,0.8952765,1.34,0,0,0,6.6,41,13.5,0,7.51,8.1,1.27,0,0,65,11,34.2
7.03,1.804649455,0.398547552,1.16345057,0.164817748,0.592700466,1.437520387,0.317468985,0.92676387,0.13128803,0.472124379,0.796564886,2.13,0,0,0,6.5,40.8,14,0,7.51,4.8,1.98,0,0,59,16,35.3
8.14,2.040345391,0.466970454,1.283256166,0.187116358,0.638738339,1.79331467,0.410432944,1.127888503,0.16446162,0.561404377,0.878927008,1.2,0,0,0,6.2,39.3,20.7,0,1.96,6.3,0.66,0,0,71,3,31.9
7.46,1.926490097,0.423237769,1.240001277,0.173551795,0.623013279,1.666719318,0.366167761,1.072797668,0.150149814,0.539005245,0.865158518,1.01,0,0,0,6.8,39.2,14.8,0,7.51,8.2,1.98,0,0,61,0,35.1
8.09,2.016776004,0.465696908,1.219934627,0.186166408,0.614410739,1.725721743,0.398489112,1.043877807,0.159299504,0.525741068,0.855683398,1.85,0,0,0,6.7,41,13,0,7.51,8.1,1.27,0,0,62,6,34.7
3.3,1.861397855,0.40756892,1.194525906,0.168112441,0.605794509,1.026039792,0.224660155,0.658446613,0.092666946,0.333926071,0.551220036,2,3,5,10,6.7,38,25.3,57,9.4,8.4,1.98,0,0,55,6,36
9.1,2.301956338,0.527401143,1.362087783,0.206446444,0.667855864,1.689920874,0.387177717,0.999941024,0.151557243,0.490288867,0.734123774,2.19,9,13,27,6.3,39.5,22,137,9.4,8.6,1.98,0,0,60,4,35.2
7.17,1.698029917,0.418145282,0.990813534,0.167656528,0.517674063,2.372328782,0.584193528,1.384272115,0.234234039,0.723245843,1.397106587,1.38,0,1,2,7,40,16.8,11,1.96,4.4,0.2,0,0,74,9,31.2
9.09,2.23922901,0.551804737,1.188182777,0.206321328,0.590132042,2.59836572,0.640305438,1.378748392,0.239411987,0.684779833,1.160384091,1.26,0,0,0,6.6,40,13.6,0,7.51,8.3,1.27,0,0,63,9,34.9
9.87,2.449389286,0.580037723,1.345488969,0.222001772,0.660362395,3.310798057,0.784027177,1.818674675,0.300076039,0.892600677,1.351683081,1.42,0,0,0,6.4,39,17.5,0,1.96,6.9,0.66,0,0,69,6,32.4
7.09,1.782210241,0.404341689,1.093860812,0.16597674,0.565527354,2.719717898,0.61704018,1.669271537,0.253286565,0.86301539,1.526036511,1.07,2,2,5,6.5,39,26.5,30,9.4,8.1,2.67,0,0,55,0,36.2
9.6,2.62884714,0.642856515,1.426519748,0.239032619,0.687867268,4.267649869,1.043608234,2.315800992,0.388043682,1.116678339,1.623392172,1.72,1,1,3,6.6,37,25,15,1.96,4.6,0.66,0,0,73,11,31.1
5.3,1.416773364,0.309244772,0.803497577,0.129972698,0.435948305,1.424948476,0.311029186,0.808133945,0.130722671,0.438463828,1.005770233,2,3,5,10,6.7,38,25.3,57,9.4,8.4,1.98,0,0,55,6,36
7.65,1.796305495,0.44692321,1.054818885,0.177365092,0.540730855,2.362334956,0.587752097,1.387200302,0.233254175,0.711119242,1.315107571,1.73,0,0,0,6.6,38,24,0,1.96,5.3,0.66,0,0,73,8,31.5
7.2,1.662051447,0.417054136,1.015894262,0.168232926,0.525136047,1.177405405,0.295443197,0.719664483,0.119177031,0.372008954,0.708404909,1.38,0,1,2,6.5,39.6,19.8,12,1.96,5.5,0.66,0,0,70,3,31.8
4.7,1.236219357,0.280292345,0.831096582,0.117810427,0.435494262,0.728679446,0.165216043,0.489883121,0.069442398,0.256698551,0.589441867,1.26,0,0,0,6.6,40,13.6,0,7.51,8.3,1.27,0,0,63,9,34.9
5.53,1.430825219,0.324808573,0.940143126,0.134576514,0.486780266,0.884093072,0.200696077,0.580905349,0.083153527,0.300776821,0.617890333,1.13,2,3,7,6.4,39.2,15.9,37,1.96,5.8,0.66,0,0,70,9,32.1
5.14,1.341312131,0.29601807,0.900431038,0.12674389,0.475687252,0.779558861,0.172043109,0.523322632,0.073662439,0.276465264,0.58119124,1.76,15,21,46,6.3,40,21,262,9.4,7,1.98,0,0,58,1,36.1
7.5,1.821756453,0.432558081,1.13004988,0.174277381,0.572730894,1.22456226,0.290760217,0.759605617,0.11714711,0.384982656,0.672187689,2.19,9,13,27,6.3,39.5,22,137,9.4,8.6,1.98,0,0,60,4,35.2
4.28,1.187869116,0.256178247,0.783708545,0.109347822,0.414421959,0.694375064,0.149750325,0.458120902,0.063919838,0.24225251,0.584555196,1.1,1,2,4,6.2,39,25,23,9.4,7,2.67,0,0,55,1,36.6
7.2,1.273374382,0.279226851,0.836010505,0.117602934,0.437271724,0.507269013,0.111234474,0.333038131,0.046849006,0.174194172,0.398365964,1.86,0,1,2,6.3,38.4,24.5,14,9.4,8.2,2.67,0,0,53,1,37.1
5.63,1.484234597,0.321477869,0.987616902,0.136681775,0.515935467,0.949486972,0.20565418,0.631793238,0.087437367,0.330051601,0.63971489,1.1,0,0,0,6.6,42,15,0,7.51,8.5,1.27,0,0,63,1,34.7
4.76,1.310775371,0.276522358,0.875942132,0.11901105,0.463769501,0.775521861,0.163604793,0.51825224,0.070413034,0.274389795,0.59165123,1.42,0,1,2,6.4,38.1,26.4,10,1.96,7,0.66,0,0,68,3,32.9
7.92,1.980426515,0.462863572,1.186018569,0.182695113,0.595200555,2.416232765,0.564719832,1.447009976,0.222898408,0.726178463,1.220056763,2,0,1,2,6.6,41.4,12.4,13,9.4,8.5,1.98,0,0,60,1,35.1
8.7,2.131029587,0.516406388,1.226775141,0.198413905,0.60874989,2.22068299,0.538131844,1.27838614,0.20676127,0.63436028,1.042070464,2,0,1,2,6.6,41.4,12.4,13,9.4,8.5,1.98,0,0,60,1,35.1
6.13,1.580444728,0.350060752,1.045213179,0.146754565,0.539461053,1.453949437,0.322042666,0.961556634,0.135008655,0.496283787,0.919962218,1.1,0,0,0,6.6,42,15,0,7.51,8.5,1.27,0,0,63,1,34.7
7.06,1.761984272,0.41166729,1.087666913,0.165374786,0.550915577,1.267055071,0.296032794,0.782148796,0.118922152,0.3961672,0.719106913,1.07,2,2,5,6.5,39,26.5,30,9.4,8.1,2.67,0,0,55,0,36.2
10.54,2.438128687,0.627315661,1.359802021,0.23562062,0.664014056,2.721231289,0.700156236,1.517695036,0.26297964,0.741115854,1.116114708,1.24,0,0,1,6,40,24,7,1.96,6.7,0.66,0,0,69,6,32.3
5.82,1.488898303,0.336688582,0.955783886,0.140405947,0.498224516,0.369773876,0.083617962,0.237372768,0.034870381,0.123736061,0.248354018,2,3,5,10,6.7,38,25.3,57,9.4,8.4,1.98,0,0,55,6,36
8.4,1.553445731,0.35122525,1.031084763,0.146269268,0.533216396,1.368934121,0.309508224,0.908616945,0.128896033,0.469883243,0.881224297,1.38,1,1,3,6.4,38.9,19.4,15,1.96,4.5,0.66,0,0,74,6,31.2
5.27,1.389113713,0.30891476,0.952999746,0.129463974,0.491525142,0.378408457,0.084151468,0.259606654,0.03526728,0.133896361,0.272409993,1.72,1,1,3,6.6,37,25,15,1.96,4.6,0.66,0,0,73,11,31.1
7.75,1.864617864,0.449082103,1.167181224,0.179383741,0.589570795,2.184819742,0.526200818,1.367615656,0.21018845,0.690814959,1.171725202,1.76,15,21,46,6.3,40,21,262,9.4,7,1.98,0,0,58,1,36.1
5.97,1.51771207,0.349047348,0.978772537,0.143424542,0.503751548,0.733727269,0.168744495,0.473180727,0.06933759,0.243535157,0.483442995,1.5,0,1,2,6.7,40.4,15.8,10,7.51,7.6,1.27,0,0,67,0,33.6
5.93,1.5202016,0.341203336,0.978760127,0.142700722,0.509544572,0.825510444,0.185282608,0.53149313,0.077490339,0.276696437,0.543026954,1.38,1,1,3,6.4,38.9,19.4,15,1.96,4.5,0.66,0,0,74,6,31.2
6.4,1.620644857,0.369497248,1.017009959,0.152064375,0.522560139,0.607026578,0.138398397,0.380929895,0.05695703,0.19572943,0.374558668,1.38,1,1,3,6.4,38.9,19.4,15,1.96,4.5,0.66,0,0,74,6,31.2
12.71,3.130045937,0.786602839,1.564150225,0.279140021,0.737484543,4.996205732,1.255582088,2.496709785,0.445565657,1.177179049,1.596208437,1.01,0,0,0,6.8,39.2,14.8,0,7.51,8.2,1.98,0,0,61,0,35.1
8.65,2.13551502,0.514266091,1.185670329,0.197369733,0.592669017,1.78101632,0.428897148,0.988847274,0.164606061,0.49428507,0.833998499,0.92,0,0,0,6.5,41.7,13.6,0,7.51,7.9,1.27,0,0,62,6,34.7
14.2,2.393719699,0.601253683,1.376573709,0.229273424,0.6723937,2.820469218,0.708444479,1.621987643,0.270148019,0.792267254,1.178278818,1.76,15,21,46,6.3,40,21,262,9.4,7,1.98,0,0,58,1,36.1
7.51,1.842740779,0.438598521,1.092356114,0.174543163,0.553616426,0.718414775,0.170992937,0.42586824,0.068047763,0.215834058,0.389862092,2,0,1,2,6.6,41.4,12.4,13,9.4,8.5,1.98,0,0,60,1,35.1
6.14,1.534094022,0.357586191,0.975867432,0.146857129,0.504427257,0.772557551,0.180077562,0.491439079,0.073956082,0.254025556,0.503592049,2.19,9,13,27,6.3,39.5,22,137,9.4,8.6,1.98,0,0,60,4,35.2
6.83,1.71631794,0.390701962,1.093233679,0.16088531,0.561216991,1.147707994,0.26126381,0.731049302,0.107584587,0.375287825,0.668703605,1.38,0,1,2,7,40,16.8,11,1.96,4.4,0.2,0,0,74,9,31.2
7.53,1.7728418,0.435359746,1.139604258,0.17488897,0.577690942,2.261138964,0.555271703,1.45348761,0.223058969,0.736805449,1.275431888,2.08,1,2,4,6.5,41,17.5,24,7.51,8,1.27,0,0,63,0,34.1
8.57,2.014148198,0.493622196,1.26108501,0.195907251,0.628438784,1.296235298,0.317677972,0.811590182,0.126079051,0.40444121,0.643565006,1.38,1,1,3,6.4,38.9,19.4,15,1.96,4.5,0.66,0,0,74,6,31.2
9.2,1.634609297,0.385885662,1.045948978,0.157268288,0.537102108,1.637073729,0.386467446,1.047525911,0.157505394,0.537911875,1.001507658,1.86,0,1,2,6.3,38.4,24.5,14,9.4,8.2,2.67,0,0,53,1,37.1
8.53,2.029726231,0.492829154,1.245518341,0.194975021,0.621986979,1.551145565,0.376627027,0.951842776,0.149002676,0.475331269,0.764214179,1.56,0,0,0,6.6,38,15,0,7.51,8.2,1.27,0,0,62,8,34.8
10.65,2.460781913,0.638267283,1.326095489,0.237725833,0.652188146,1.879852208,0.487588175,1.013037166,0.181604648,0.498222667,0.76392475,2,0,1,2,6.6,41.4,12.4,13,9.4,8.5,1.98,0,0,60,1,35.1
13.88,3.168341317,0.877129258,1.559720877,0.302701861,0.736962885,5.467776919,1.513709109,2.691694157,0.522388873,1.271816465,1.725753753,1.73,0,0,0,6.6,38,24,0,1.96,5.3,0.66,0,0,73,8,31.5
6.3,1.605380808,0.357569615,0.987390664,0.150033221,0.519821125,1.107286484,0.24662809,0.681037378,0.103483085,0.358538549,0.689734472,2,0,1,2,6.6,41.4,12.4,13,9.4,8.5,1.98,0,0,60,1,35.1
6.47,1.593918476,0.366734996,1.012128484,0.15349383,0.530211348,0.985983641,0.226858972,0.626093582,0.094949903,0.327983974,0.618591011,1.22,2,3,6,6.4,38.9,6.6,34,1.96,4.9,0.66,0,0,73,8,31.2
7.7,2.004274702,0.484409069,1.133115902,0.189520732,0.575551417,1.409469353,0.340651776,0.796842936,0.133276972,0.404745957,0.703231624,1.2,0,0,0,6.2,39.3,20.7,0,1.96,6.3,0.66,0,0,71,3,31.9
7.51,1.761450686,0.431234062,1.085783189,0.174435586,0.558813638,1.220494054,0.298798378,0.752329847,0.12086492,0.387197171,0.692891412,1.5,0,1,2,6.7,40.4,15.8,10,7.51,7.6,1.27,0,0,67,0,33.6
6.55,1.511670066,0.376891881,0.937143975,0.155214503,0.491828793,0.925575669,0.230765934,0.573800912,0.095035795,0.301140291,0.612286827,1.83,1,1,3,6.7,40,25.8,16,9.4,7.2,1.98,0,0,56,12,36.1
6.16,1.526609995,0.362552313,0.93371268,0.147341481,0.484882631,0.855341285,0.203133716,0.523148025,0.082553666,0.271673927,0.560288016,1.1,0,0,0,6.6,42,15,0,7.51,8.5,1.27,0,0,63,1,34.7
6.19,1.573636569,0.359178113,0.937736129,0.147874939,0.492202415,0.993088208,0.226669585,0.591785111,0.093320695,0.310618362,0.631078501,1.57,0,0,1,6.4,39,16.9,7,1.96,5.3,0.66,0,0,73,8,31.5
4.82,1.298561838,0.285134643,0.806420165,0.120303366,0.428801923,0.806356373,0.177057519,0.500755544,0.074703709,0.266269309,0.620961089,1.61,6,8,17,6.65,41,23,90,9.4,8.6,1.98,0,0,59,3,35.5
7.3,1.572551116,0.38000453,0.937340358,0.154312457,0.488286829,1.048854531,0.253454065,0.625183927,0.102922772,0.325675806,0.666976431,1.73,0,0,0,6.6,38,24,0,1.96,5.3,0.66,0,0,73,8,31.5
4.86,1.259331952,0.28823508,0.815125553,0.121130514,0.430420149,0.720534071,0.164915371,0.466378806,0.069305525,0.246267381,0.572155792,2,0,0,0,6.5,42,12.4,0,7.51,7.9,1.27,0,0,64,6,34.6
6.35,1.62487793,0.370515567,1.012770814,0.151039017,0.521964843,1.937317165,0.441760058,1.20751119,0.180081516,0.622330719,1.192284743,1.2,0,0,0,6.2,39.3,20.7,0,1.96,6.3,0.66,0,0,71,3,31.9
6.44,1.626670446,0.374859863,1.013044852,0.152965534,0.522500785,2.190201045,0.504723293,1.363995945,0.20595768,0.703511746,1.34643194,1.3,0,0,0,6.5,38.4,10.3,0,7.51,7.4,1.27,0,0,67,0,33.2
9.71,2.267846454,0.577513112,1.29070816,0.21881577,0.636897072,3.942191734,1.003889576,2.243634718,0.380366898,1.107116564,1.738297461,2.19,9,13,27,6.3,39.5,22,137,9.4,8.6,1.98,0,0,60,4,35.2
7.69,1.831982949,0.444993679,1.139161943,0.178036162,0.579068896,3.002737216,0.729373099,1.867159279,0.291812656,0.949130955,1.639063954,1.13,2,3,7,6.4,39.2,15.9,37,1.96,5.8,0.66,0,0,70,9,32.1
5.31,1.375239555,0.308476533,0.883667921,0.130103935,0.468041497,1.681477809,0.377168067,1.080443035,0.159075471,0.572264946,1.222679934,1.73,0,0,0,6.6,38,24,0,1.96,5.3,0.66,0,0,73,8,31.5
7.4,1.499862261,0.343266422,0.912644504,0.140930746,0.477537698,2.298891722,0.526136537,1.398842381,0.216009518,0.731938851,1.532735227,1.3,0,0,0,6.5,38.4,10.3,0,7.51,7.4,1.27,0,0,67,0,33.2
7.28,1.814816829,0.424997901,1.082512488,0.169778064,0.552463483,2.336855106,0.547250003,1.393900913,0.218615306,0.711381496,1.287653426,0.94,0,0,0,6.7,39.6,14,0,7.51,5.4,1.98,0,0,61,3,35.2
5.95,1.568218905,0.345462815,0.972085922,0.143160019,0.504769181,1.021829105,0.22509865,0.633397343,0.09328103,0.32890041,0.651585759,1.72,1,1,3,6.6,37,25,15,1.96,4.6,0.66,0,0,73,11,31.1
5.06,1.36817933,0.298023031,0.858223404,0.125053296,0.454377794,0.978083897,0.213050673,0.613526658,0.089398087,0.32482555,0.714879896,1.34,0,0,0,6.6,41,13.5,0,7.51,8.1,1.27,0,0,65,11,34.2
5.31,1.406550791,0.310000842,0.900495096,0.130133254,0.47182571,0.752895246,0.165936532,0.482014927,0.069657427,0.252557772,0.535277681,1.23,2,4,8,6.38,39.6,23,46,9.4,4.8,1.98,0,0,57,1,35.9
5.4,1.331190579,0.285177536,0.870370444,0.122563396,0.464473176,1.063809379,0.227897149,0.695548974,0.097945472,0.371179701,0.799141307,2.08,1,2,4,6.5,41,17.5,24,7.51,8,1.27,0,0,63,0,34.1
4.31,1.230116134,0.256252053,0.810821318,0.110048446,0.432698531,0.798544778,0.166349122,0.526354473,0.071439281,0.280891489,0.649162105,1.56,0,0,0,6.6,38,15,0,7.51,8.2,1.27,0,0,62,8,34.8
8.77,2.140652063,0.511851573,1.266134362,0.1999439,0.627349657,1.275744344,0.305043384,0.754566228,0.119158692,0.373875695,0.595960626,1.72,1,1,3,6.6,37,25,15,1.96,4.6,0.66,0,0,73,11,31.1
6.91,1.77517744,0.393339618,1.137350422,0.162380505,0.578431151,0.371397306,0.082293337,0.237953048,0.033972763,0.121017632,0.209217004,2.08,1,2,4,6.5,41,17.5,24,7.51,8,1.27,0,0,63,0,34.1
9.72,2.31508522,0.575601566,1.319381197,0.219068262,0.647942381,2.86036347,0.711174551,1.6301386,0.270665999,0.800553993,1.23553269,1.34,0,0,0,6.6,41,13.5,0,7.51,8.1,1.27,0,0,65,11,34.2
11.85,2.83233657,0.720162722,1.492776346,0.261903075,0.713355839,3.459095485,0.879525282,1.823108163,0.319858788,0.871212126,1.221286877,2,0,1,2,6.6,41.4,12.4,13,9.4,8.5,1.98,0,0,60,1,35.1
10,2.319939646,0.560589849,1.339573242,0.215540025,0.657077194,1.676971192,0.405223053,0.968312146,0.155803369,0.474969048,0.722851215,1.35,0,1,2,6.6,39.5,19.8,10,1.96,5.3,0.66,0,0,73,8,31.5
9.7,2.431831105,0.57015441,1.41553058,0.218538831,0.685897154,1.695780671,0.397583873,0.987087217,0.152392954,0.478294374,0.697326664,1.07,2,2,5,6.5,39,26.5,30,9.4,8.1,2.67,0,0,55,0,36.2
14.94,3.69271263,0.976195402,1.609294017,0.324082686,0.751488009,5.94566513,1.571779758,2.591136728,0.521808037,1.209976648,1.610107725,2.19,9,13,27,6.3,39.5,22,137,9.4,8.6,1.98,0,0,60,4,35.2
12.8,3.023715347,0.796501161,1.511530635,0.281136247,0.719451045,5.02633046,1.324026103,2.512621594,0.467333567,1.19594548,1.662302791,1.62,1,1,2,6.4,40,26.5,15,9.4,6.8,1.98,0,0,53,6,36.1
11.3,2.584724634,0.615543936,1.411311774,0.232529607,0.683450283,2.384282172,0.567809202,1.301866147,0.2144972,0.630449489,0.922451135,2,3,5,10,6.7,38,25.3,57,9.4,8.4,1.98,0,0,55,6,36
11.27,2.731145443,0.675296646,1.450994717,0.250215158,0.698083256,2.263195048,0.559592324,1.202383442,0.207343665,0.57847471,0.828661488,1.13,0,0,0,6.6,41,12,0,7.51,7.8,1.27,0,0,66,3,34
13.9,3.446576947,0.883712541,1.590708816,0.303296248,0.745688249,4.78205194,1.226132286,2.207074526,0.420817069,1.034626527,1.387478653,1.62,1,1,2,6.4,40,26.5,15,9.4,6.8,1.98,0,0,53,6,36.1
11.96,2.932304962,0.732328834,1.486802908,0.264203729,0.709670811,3.495737651,0.873043395,1.772487164,0.314969601,0.846031708,1.192146689,1.38,0,1,2,7,40,16.8,11,1.96,4.4,0.2,0,0,74,9,31.2
10.58,2.448734735,0.626533383,1.391358605,0.236282091,0.676859718,2.904529826,0.743153136,1.650339055,0.280262444,0.802846961,1.186134939,1.2,0,0,0,6.2,39.3,20.7,0,1.96,6.3,0.66,0,0,71,3,31.9
8.67,2.087590071,0.500165677,1.228847082,0.197809205,0.615282602,2.737635652,0.655910089,1.611492424,0.259404152,0.806872772,1.311385646,1.01,0,0,0,6.8,39.2,14.8,0,7.51,8.2,1.98,0,0,61,0,35.1
9.09,2.140441934,0.529291379,1.263918829,0.206318056,0.627680677,1.402902383,0.3469116,0.828405904,0.135226323,0.411398554,0.655426508,1.85,0,0,0,6.7,41,13,0,7.51,8.1,1.27,0,0,62,6,34.7
9.28,2.230800895,0.544594406,1.26065587,0.210164622,0.62644638,2.888973688,0.70527088,1.63259825,0.272171338,0.811272361,1.295038788,0.92,0,0,0,6.5,41.7,13.6,0,7.51,7.9,1.27,0,0,62,6,34.7
10.21,2.359960876,0.599084982,1.37160418,0.228856433,0.670926253,2.444769417,0.620613951,1.420894722,0.237080714,0.69503694,1.035936418,1.99,2,3,7,6.2,39.5,27,38,9.4,8.5,1.98,0,0,60,1,35.1
9.4,2.15726097,0.525183532,1.246525401,0.20496995,0.62149555,2.663980829,0.648544094,1.539322232,0.25311542,0.767478879,1.234890385,2.13,0,0,0,6.5,40.8,14,0,7.51,4.8,1.98,0,0,59,16,35.3
5.42,1.336039675,0.314324444,0.82941227,0.132364545,0.444224689,0.698707104,0.164381886,0.433756763,0.069222531,0.232315665,0.522968829,1.1,1,2,4,6.2,39,25,23,9.4,7,2.67,0,0,55,1,36.6
4.06,1.07468321,0.243171712,0.687459737,0.105028955,0.375211047,0.46988946,0.106323262,0.30058168,0.045922369,0.164055523,0.437235323,1.58,12,17,35,6.5,41,25,181,9.4,8.5,1.98,0,0,59,6,35.7
5.71,1.446078646,0.335127991,0.870949771,0.138319837,0.46100769,1.179989489,0.273461964,0.710688577,0.112867965,0.376178868,0.81599261,1.35,0,1,2,6.6,39.5,19.8,10,1.96,5.3,0.66,0,0,73,8,31.5
5.95,1.433299704,0.348496177,0.840520047,0.143069251,0.445636747,0.980710051,0.238452365,0.575111023,0.097892612,0.304919087,0.684232369,1.3,0,0,0,6.5,38.4,10.3,0,7.51,7.4,1.27,0,0,67,0,33.2
6,1.488170485,0.351222922,0.887385428,0.143933503,0.466630752,1.182846025,0.279163336,0.705322634,0.114403002,0.370893211,0.794832337,1.56,0,0,0,6.6,38,15,0,7.51,8.2,1.27,0,0,62,8,34.8
6.5,1.551827318,0.380299077,0.915628085,0.154218226,0.48081598,1.289221126,0.315943403,0.760681976,0.128120825,0.399450449,0.830776151,1.38,1,1,3,6.4,38.9,19.4,15,1.96,4.5,0.66,0,0,74,6,31.2
6.67,1.621246033,0.389797623,0.937915925,0.15763858,0.489767805,1.151339555,0.276817591,0.666067754,0.111948174,0.347812137,0.710157207,1.38,0,1,2,7,40,16.8,11,1.96,4.4,0.2,0,0,74,9,31.2
5.76,1.423395114,0.329625601,0.913755394,0.139285529,0.482828062,0.431847913,0.100006054,0.277226861,0.042258235,0.146486586,0.303392859,1.24,0,0,1,6,40,24,7,1.96,6.7,0.66,0,0,69,6,32.3
8.2,1.867917434,0.471547941,1.136812572,0.188440913,0.578923525,1.375054201,0.34712668,0.836856531,0.138719445,0.426170456,0.736142924,1.57,0,0,1,6.4,39,16.9,7,1.96,5.3,0.66,0,0,73,8,31.5
10.23,2.322433821,0.602835727,1.329315451,0.229248442,0.653871186,1.158750518,0.30077766,0.663246011,0.114380762,0.326241191,0.498938014,1.76,15,21,46,6.3,40,21,262,9.4,7,1.98,0,0,58,1,36.1
8,1.546338484,0.369584838,0.953473183,0.15375958,0.502171612,0.935231261,0.223526283,0.576664124,0.092994365,0.303715257,0.604803716,2,0,1,2,6.6,41.4,12.4,13,9.4,8.5,1.98,0,0,60,1,35.1
6.24,1.54780616,0.354618286,1.000426191,0.148991533,0.523234788,0.67908335,0.155584969,0.43892626,0.065368437,0.229563651,0.438739274,1.13,2,3,7,6.4,39.2,15.9,37,1.96,5.8,0.66,0,0,70,9,32.1
6.52,1.553708753,0.380813562,0.961760986,0.154517356,0.498769356,1.710928664,0.419348116,1.059081656,0.170152979,0.549239866,1.101190079,1.07,2,2,5,6.5,39,26.5,30,9.4,8.1,2.67,0,0,55,0,36.2
5.47,1.334026071,0.316465731,0.880996354,0.133372781,0.464744638,1.130133142,0.268097018,0.746344617,0.112988047,0.393712934,0.847159712,1.58,12,17,35,6.5,41,25,181,9.4,8.5,1.98,0,0,59,6,35.7
5.8,1.411012691,0.339314274,0.885173987,0.140028695,0.462240158,1.138239468,0.27371894,0.714054504,0.11295872,0.372881119,0.806682658,2.08,1,2,4,6.5,41,17.5,24,7.51,8,1.27,0,0,63,0,34.1
6.8,1.176142182,0.264953695,0.79116568,0.113696029,0.42235122,1.24223527,0.279842718,0.835625086,0.120085156,0.446085167,1.056194811,1.3,0,0,0,6.5,38.4,10.3,0,7.51,7.4,1.27,0,0,67,0,33.2
